source_file,username,timestamp_sec,command,direction
20260513_jin_akira_1,jin,16.237614,shoryuken,left
20260513_jin_akira_1,jin,16.237614,hadouken,right
20260513_jin_akira_1,akira,16.559677,shoryuken,right
20260513_jin_akira_1,akira,16.559677,hadouken,left
20260513_jin_akira_1,akira,18.149599,shoryuken,right
20260513_jin_akira_1,akira,18.149599,hadouken,left
20260513_jin_akira_1,akira,19.671722,shoryuken,left
20260513_jin_akira_1,akira,19.671722,hadouken,left
20260513_jin_akira_1,jin,32.151626,shoryuken,left
20260513_jin_akira_1,jin,32.151626,hadouken,left
20260513_jin_akira_1,akira,33.139662,shoryuken,right
20260513_jin_akira_1,akira,33.139662,hadouken,right
20260513_jin_akira_1,akira,34.331666,hadouken,right
20260513_jin_akira_1,akira,35.943652,shoryuken,right
20260513_jin_akira_1,akira,37.953706,shoryuken,right
20260513_jin_akira_1,akira,37.953706,hadouken,right
20260513_jin_akira_1,akira,48.367598,shoryuken,right
20260513_jin_akira_1,akira,48.367598,hadouken,left
20260513_jin_akira_1,jin,48.631621,shoryuken,left
20260513_jin_akira_1,jin,48.631621,hadouken,right
20260513_jin_akira_1,akira,49.579633,shoryuken,right
20260513_jin_akira_1,akira,49.579633,hadouken,left
20260513_jin_akira_1,akira,50.649667,shoryuken,right
20260513_jin_akira_1,akira,50.649667,hadouken,left
20260513_jin_akira_1,jin,56.897661,shoryuken,right
20260513_jin_akira_1,jin,56.897661,hadouken,right
20260513_jin_akira_1,akira,57.975673,shoryuken,left
20260513_jin_akira_1,akira,57.975673,hadouken,left
20260513_jin_akira_1,akira,59.343669,shoryuken,right
20260513_jin_akira_1,akira,59.343669,hadouken,left
20260513_jin_akira_1,akira,60.423793,shoryuken,right
20260513_jin_akira_1,akira,60.423793,hadouken,right
20260513_jin_akira_1,akira,63.535702,shoryuken,right
20260513_jin_akira_1,akira,63.535702,hadouken,right
20260513_jin_akira_1,akira,64.94371100000001,shoryuken,right
20260513_jin_akira_1,akira,64.94371100000001,hadouken,right
20260513_jin_akira_1,akira,66.17168,hadouken,left
20260513_jin_akira_1,akira,68.531707,shoryuken,right
20260513_jin_akira_1,akira,68.531707,hadouken,right
20260513_jin_akira_1,akira,71.4937,shoryuken,left
20260513_jin_akira_1,akira,71.4937,hadouken,right
20260513_jin_akira_1,akira,76.901697,shoryuken,right
20260513_jin_akira_1,akira,76.901697,hadouken,right
20260513_jin_akira_1,akira,80.16569799999999,shoryuken,right
20260513_jin_akira_1,akira,82.481696,shoryuken,left
20260513_jin_akira_1,akira,83.213706,hadouken,right
20260513_jin_akira_2,akira,30.968083,hadouken,left
20260513_jin_akira_2,akira,33.16809,shoryuken,left
20260513_jin_akira_2,akira,33.16809,hadouken,right
20260513_jin_akira_2,akira,34.210037,shoryuken,left
20260513_jin_akira_2,akira,34.210037,hadouken,right
20260513_jin_akira_2,akira,35.500076,shoryuken,right
20260513_jin_akira_2,akira,39.004167,shoryuken,left
20260513_jin_akira_2,akira,44.328106,hadouken,left
20260513_jin_akira_2,jin,44.612042,shoryuken,right
20260513_jin_akira_2,akira,46.778043,shoryuken,left
20260513_jin_akira_2,akira,46.778043,hadouken,right
20260513_jin_akira_2,jin,49.942118,shoryuken,left
20260513_jin_akira_2,jin,49.942118,hadouken,right
20260513_jin_akira_2,akira,62.11602,hadouken,left
20260513_jin_akira_2,akira,65.554097,shoryuken,left
20260513_jin_akira_2,akira,65.554097,hadouken,left
20260513_jin_akira_2,akira,67.49609,shoryuken,left
20260513_jin_akira_2,akira,67.49609,hadouken,right
20260513_jin_akira_2,akira,68.542128,shoryuken,right
20260513_jin_akira_2,akira,68.542128,hadouken,right
20260513_jin_akira_2,akira,69.756089,shoryuken,right
20260513_jin_akira_2,akira,69.756089,hadouken,right
20260513_jin_akira_2,akira,72.466037,shoryuken,right
20260513_jin_akira_2,akira,72.466037,hadouken,right
20260513_jin_akira_2,akira,74.104144,shoryuken,right
20260513_jin_akira_2,akira,74.104144,hadouken,right
20260513_jin_akira_2,akira,75.184095,shoryuken,right
20260513_jin_akira_2,akira,75.184095,hadouken,right
20260513_jin_akira_2,akira,81.612094,shoryuken,right
20260513_jin_akira_2,akira,81.612094,hadouken,right
20260513_jin_akira_2,akira,83.638137,shoryuken,right
20260513_jin_akira_2,akira,83.638137,hadouken,right
20260513_jin_akira_2,akira,87.824108,shoryuken,right
20260513_jin_akira_2,akira,87.824108,hadouken,right
20260513_jin_akira_2,akira,90.946033,shoryuken,left
20260513_jin_akira_2,akira,90.946033,hadouken,right
20260513_jin_akira_2,akira,93.024129,shoryuken,right
20260513_jin_akira_2,akira,93.024129,hadouken,right
20260513_jin_akira_2,akira,94.044117,shoryuken,left
20260513_jin_akira_2,akira,94.044117,hadouken,right
20260513_jin_akira_2,akira,96.990047,shoryuken,right
20260513_jin_akira_2,akira,96.990047,hadouken,right
20260513_jin_akira_2,akira,98.044072,shoryuken,right
20260513_jin_akira_2,akira,98.044072,hadouken,right
20260513_jin_ryo_1,jin,12.726644,shoryuken,right
20260513_jin_ryo_1,jin,12.726644,hadouken,right
20260513_jin_ryo_1,jin,14.220682,shoryuken,right
20260513_jin_ryo_1,jin,14.220682,hadouken,right
20260513_jin_ryo_1,jin,15.250639,shoryuken,right
20260513_jin_ryo_1,jin,15.250639,hadouken,right
20260513_jin_ryo_1,jin,16.940634,shoryuken,right
20260513_jin_ryo_1,jin,16.940634,hadouken,right
20260513_jin_ryo_1,jin,18.324665,shoryuken,right
20260513_jin_ryo_1,jin,18.324665,hadouken,right
20260513_jin_ryo_1,ryo,18.702662,shoryuken,left
20260513_jin_ryo_1,jin,19.640639,shoryuken,right
20260513_jin_ryo_1,jin,19.640639,hadouken,right
20260513_jin_ryo_1,jin,20.69666,shoryuken,right
20260513_jin_ryo_1,jin,20.69666,hadouken,right
20260513_jin_ryo_1,jin,22.054685,shoryuken,right
20260513_jin_ryo_1,jin,22.054685,hadouken,right
20260513_jin_ryo_1,ryo,22.394709,shoryuken,right
20260513_jin_ryo_1,ryo,23.364765,hadouken,left
20260513_jin_ryo_1,jin,23.500676,shoryuken,right
20260513_jin_ryo_1,jin,23.500676,hadouken,right
20260513_jin_ryo_1,jin,24.520405,shoryuken,right
20260513_jin_ryo_1,jin,24.520405,hadouken,right
20260513_jin_ryo_1,jin,25.536655,shoryuken,right
20260513_jin_ryo_1,jin,25.536655,hadouken,right
20260513_jin_ryo_1,jin,27.414662,shoryuken,right
20260513_jin_ryo_1,jin,27.414662,hadouken,right
20260513_jin_ryo_1,jin,29.072703,shoryuken,right
20260513_jin_ryo_1,jin,29.072703,hadouken,right
20260513_jin_ryo_1,jin,30.920656,shoryuken,right
20260513_jin_ryo_1,jin,30.920656,hadouken,right
20260513_jin_ryo_1,ryo,32.244705,shoryuken,right
20260513_jin_ryo_1,jin,33.420711,shoryuken,left
20260513_jin_ryo_1,ryo,33.874634,shoryuken,left
20260513_jin_ryo_1,ryo,34.76274,hadouken,left
20260513_jin_ryo_1,jin,36.228633,hadouken,right
20260513_jin_ryo_1,jin,36.888802,shoryuken,left
20260513_jin_ryo_1,ryo,37.064686,shoryuken,left
20260513_jin_ryo_1,ryo,37.744707,hadouken,right
20260513_jin_ryo_1,ryo,39.478656,shoryuken,right
20260513_jin_ryo_1,ryo,41.980703,shoryuken,left
20260513_jin_ryo_1,jin,42.312717,shoryuken,left
20260513_jin_ryo_1,ryo,42.98071,shoryuken,left
20260513_jin_ryo_1,jin,43.432652,shoryuken,left
20260513_jin_ryo_1,jin,43.432652,hadouken,left
20260513_jin_ryo_1,ryo,43.438782,hadouken,left
20260513_jin_ryo_1,jin,44.698632,shoryuken,left
20260513_jin_ryo_1,jin,44.698632,hadouken,left
20260513_jin_ryo_1,ryo,45.050688,shoryuken,left
20260513_jin_ryo_1,ryo,45.636652,hadouken,right
20260513_jin_ryo_1,jin,54.260676,shoryuken,left
20260513_jin_ryo_1,jin,54.260676,hadouken,right
20260513_jin_ryo_1,jin,55.818687,shoryuken,right
20260513_jin_ryo_1,jin,55.818687,hadouken,right
20260513_jin_ryo_1,jin,57.78065,shoryuken,right
20260513_jin_ryo_1,jin,57.78065,hadouken,right
20260513_jin_ryo_1,jin,58.902695,shoryuken,right
20260513_jin_ryo_1,jin,58.902695,hadouken,right
20260513_jin_ryo_1,jin,60.52275,shoryuken,right
20260513_jin_ryo_1,jin,60.52275,hadouken,left
20260513_jin_ryo_1,jin,62.164665,shoryuken,left
20260513_jin_ryo_1,jin,62.164665,hadouken,right
20260513_jin_ryo_1,ryo,64.202746,hadouken,right
20260513_jin_ryo_1,jin,64.384729,shoryuken,right
20260513_jin_ryo_1,jin,64.384729,hadouken,right
20260513_jin_ryo_1,ryo,64.65267,shoryuken,left
20260513_jin_ryo_1,ryo,65.696695,shoryuken,left
20260513_jin_ryo_1,jin,66.078729,shoryuken,right
20260513_jin_ryo_1,jin,66.078729,hadouken,right
20260513_jin_ryo_1,jin,67.744665,shoryuken,right
20260513_jin_ryo_1,jin,67.744665,hadouken,right
20260513_jin_ryo_1,ryo,68.530664,shoryuken,left
20260513_jin_ryo_1,jin,68.772781,shoryuken,right
20260513_jin_ryo_1,jin,68.772781,hadouken,right
20260513_jin_ryo_1,jin,69.95879,shoryuken,right
20260513_jin_ryo_1,jin,69.95879,hadouken,right
20260513_jin_ryo_1,ryo,70.260741,hadouken,left
20260513_jin_ryo_1,ryo,70.614785,shoryuken,left
20260513_jin_ryo_1,ryo,71.468719,hadouken,left
20260513_jin_ryo_1,jin,71.566675,shoryuken,left
20260513_jin_ryo_1,ryo,71.648728,shoryuken,left
20260513_jin_ryo_1,jin,71.790681,hadouken,left
20260513_jin_ryo_1,jin,73.690676,shoryuken,left
20260513_jin_ryo_1,jin,73.690676,hadouken,right
20260513_jin_ryo_1,jin,75.286698,shoryuken,right
20260513_jin_ryo_1,jin,75.286698,hadouken,right
20260513_jin_ryo_1,jin,77.21664799999999,shoryuken,left
20260513_jin_ryo_1,jin,77.21664799999999,hadouken,right
20260513_jin_ryo_1,jin,79.044678,shoryuken,right
20260513_jin_ryo_1,jin,79.044678,hadouken,right
20260513_jin_ryo_1,jin,82.176687,shoryuken,right
20260513_jin_ryo_1,ryo,82.26874000000001,shoryuken,left
20260513_jin_ryo_1,ryo,82.578731,hadouken,right
20260513_jin_ryo_1,jin,82.762771,hadouken,right
20260513_jin_ryo_1,ryo,83.408653,shoryuken,right
20260513_jin_ryo_1,jin,85.43264500000001,hadouken,left
20260513_jin_ryo_1,jin,86.29468299999999,shoryuken,left
20260513_jin_ryo_1,jin,87.30466,shoryuken,right
20260513_jin_ryo_1,jin,87.30466,hadouken,right
20260513_jin_ryo_1,ryo,88.066724,shoryuken,right
20260513_jin_ryo_1,ryo,88.066724,hadouken,right
20260513_jin_ryo_1,jin,88.320775,shoryuken,right
20260513_jin_ryo_1,jin,88.320775,hadouken,right
20260513_jin_ryo_1,jin,90.396675,shoryuken,right
20260513_jin_ryo_1,jin,90.396675,hadouken,right
20260513_jin_ryo_1,jin,95.402726,shoryuken,right
20260513_jin_ryo_1,jin,95.402726,hadouken,left
20260513_jin_ryo_1,jin,96.496672,shoryuken,right
20260513_jin_ryo_1,jin,96.496672,hadouken,right
20260513_jin_ryo_1,ryo,97.456815,hadouken,left
20260513_jin_ryo_2,jin,17.916592,shoryuken,right
20260513_jin_ryo_2,jin,17.916592,hadouken,right
20260513_jin_ryo_2,jin,18.922644,shoryuken,right
20260513_jin_ryo_2,jin,18.922644,hadouken,right
20260513_jin_ryo_2,ryo,23.478714,shoryuken,left
20260513_jin_ryo_2,jin,26.660638,shoryuken,right
20260513_jin_ryo_2,jin,26.660638,hadouken,right
20260513_jin_ryo_2,ryo,29.658691,shoryuken,left
20260513_jin_ryo_2,jin,31.614649,hadouken,right
20260513_jin_ryo_2,ryo,31.642693,shoryuken,right
20260513_jin_ryo_2,ryo,31.642693,hadouken,right
20260513_jin_ryo_2,ryo,32.952712,shoryuken,right
20260513_jin_ryo_2,ryo,32.952712,hadouken,right
20260513_jin_ryo_2,jin,33.894613,shoryuken,left
20260513_jin_ryo_2,jin,35.098626,shoryuken,right
20260513_jin_ryo_2,jin,35.098626,hadouken,right
20260513_jin_ryo_2,ryo,37.106679,shoryuken,right
20260513_jin_ryo_2,jin,38.332647,shoryuken,right
20260513_jin_ryo_2,jin,38.332647,hadouken,right
20260513_jin_ryo_2,ryo,39.43088,shoryuken,right
20260513_jin_ryo_2,jin,39.944664,shoryuken,right
20260513_jin_ryo_2,jin,39.944664,hadouken,right
20260513_jin_ryo_2,ryo,40.720687,shoryuken,left
20260513_jin_ryo_2,jin,41.822662,shoryuken,left
20260513_jin_ryo_2,jin,41.822662,hadouken,right
20260513_jin_ryo_2,jin,43.086998,shoryuken,left
20260513_jin_ryo_2,jin,45.910639,shoryuken,right
20260513_jin_ryo_2,jin,45.910639,hadouken,right
20260513_jin_ryo_2,jin,47.204712,shoryuken,right
20260513_jin_ryo_2,jin,47.204712,hadouken,right
20260513_jin_ryo_2,ryo,48.368692,shoryuken,right
20260513_jin_ryo_2,jin,49.882668,hadouken,right
20260513_jin_ryo_2,jin,51.256692,shoryuken,right
20260513_jin_ryo_2,ryo,51.430696,shoryuken,left
20260513_jin_ryo_2,ryo,51.430696,hadouken,left
20260513_jin_ryo_2,jin,51.466731,hadouken,right
20260513_jin_ryo_2,ryo,61.536661,shoryuken,right
20260513_jin_ryo_2,ryo,62.258716,hadouken,left
20260513_jin_ryo_2,jin,62.846635,hadouken,left
20260513_jin_ryo_2,ryo,63.186764,shoryuken,left
20260513_jin_ryo_2,jin,63.902628,shoryuken,left
20260513_jin_ryo_2,jin,63.902628,hadouken,right
20260513_jin_ryo_2,ryo,69.278728,shoryuken,right
20260513_jin_ryo_2,ryo,69.278728,hadouken,right
20260513_jin_ryo_2,jin,70.828609,shoryuken,right
20260513_jin_ryo_2,jin,70.828609,hadouken,right
20260513_jin_ryo_2,ryo,78.472681,shoryuken,left
20260513_jin_ryo_2,ryo,78.472681,hadouken,left
20260513_jin_ryo_2,jin,78.844605,hadouken,left
20260513_jin_ryo_2,ryo,82.970749,shoryuken,right
20260513_jin_ryo_2,jin,84.704623,shoryuken,right
20260513_jin_ryo_2,jin,84.704623,hadouken,right
20260513_jin_ryo_2,ryo,89.24470600000001,shoryuken,right
20260513_jin_ryo_2,ryo,89.52269799999999,hadouken,left
20260513_jin_ryo_2,jin,97.612641,hadouken,right
20260513_jin_ryo_2,ryo,99.452609,shoryuken,left
20260513_jin_ryo_2,ryo,100.10871,hadouken,left
20260513_jin_ryo_2,ryo,100.532679,shoryuken,left
20260513_jin_ryo_2,jin,101.758669,shoryuken,left
20260513_jin_ryo_2,jin,101.758669,hadouken,right
20260513_jin_ryo_2,jin,110.030631,hadouken,right
20260513_jin_ryo_2,ryo,110.607117,shoryuken,right
20260513_jin_ryo_2,ryo,111.224668,hadouken,right
20260513_jin_ryo_2,ryo,113.306631,shoryuken,right
20260513_jin_ryo_2,ryo,113.946731,hadouken,right
20260513_jin_ryo_2,jin,114.756652,hadouken,right
20260513_jin_ryo_2,jin,115.632761,shoryuken,right
20260513_jin_ryo_2,ryo,116.586643,shoryuken,left
20260513_jin_ryo_2,ryo,117.618645,hadouken,left
20260513_jin_ryo_2,ryo,117.786718,shoryuken,right
20260513_jin_ryo_2,ryo,121.95071,hadouken,left
20260513_jin_ryo_2,ryo,122.808724,shoryuken,right
20260513_keita_jin_1,jin,13.176928,shoryuken,right
20260513_keita_jin_1,jin,13.176928,hadouken,left
20260513_keita_jin_1,jin,15.136953,shoryuken,right
20260513_keita_jin_1,jin,15.136953,hadouken,left
20260513_keita_jin_1,keita,16.062894,shoryuken,right
20260513_keita_jin_1,jin,16.640943,shoryuken,right
20260513_keita_jin_1,jin,18.019013,shoryuken,right
20260513_keita_jin_1,jin,18.019013,hadouken,left
20260513_keita_jin_1,keita,20.924928,shoryuken,right
20260513_keita_jin_1,jin,21.040961,shoryuken,right
20260513_keita_jin_1,jin,21.040961,hadouken,right
20260513_keita_jin_1,jin,22.276877,shoryuken,left
20260513_keita_jin_1,jin,22.276877,hadouken,right
20260513_keita_jin_1,keita,23.226957,shoryuken,left
20260513_keita_jin_1,keita,23.226957,hadouken,right
20260513_keita_jin_1,keita,24.486888,hadouken,right
20260513_keita_jin_1,jin,25.304906,shoryuken,right
20260513_keita_jin_1,jin,25.304906,hadouken,right
20260513_keita_jin_1,keita,25.374895,shoryuken,right
20260513_keita_jin_1,keita,28.358899,shoryuken,right
20260513_keita_jin_1,jin,41.178888,shoryuken,right
20260513_keita_jin_1,jin,41.178888,hadouken,right
20260513_keita_jin_1,keita,46.048874,shoryuken,left
20260513_keita_jin_1,keita,46.048874,hadouken,left
20260513_keita_jin_1,jin,48.216946,shoryuken,right
20260513_keita_jin_1,jin,48.216946,hadouken,right
20260513_keita_jin_1,jin,50.156997,hadouken,left
20260513_keita_jin_1,keita,51.190869,hadouken,left
20260513_keita_jin_1,keita,51.972882,shoryuken,left
20260513_keita_jin_1,jin,53.606902,hadouken,left
20260513_keita_jin_1,jin,64.256887,shoryuken,right
20260513_keita_jin_1,jin,64.256887,hadouken,left
20260513_keita_jin_1,keita,67.388901,shoryuken,right
20260513_keita_jin_1,jin,67.558997,shoryuken,right
20260513_keita_jin_1,jin,67.558997,hadouken,right
20260513_keita_jin_1,keita,67.662892,hadouken,right
20260513_keita_jin_1,keita,68.664902,shoryuken,right
20260513_keita_jin_1,keita,68.664902,hadouken,right
20260513_keita_jin_1,jin,69.212976,shoryuken,right
20260513_keita_jin_1,jin,69.212976,hadouken,right
20260513_keita_jin_1,keita,69.746885,shoryuken,right
20260513_keita_jin_1,jin,74.586927,shoryuken,right
20260513_keita_jin_1,jin,74.586927,hadouken,right
20260513_keita_jin_1,keita,74.63694699999999,shoryuken,right
20260513_keita_jin_1,jin,78.04888700000001,hadouken,right
20260513_keita_jin_1,keita,79.428895,shoryuken,right
20260513_keita_jin_1,jin,85.130908,shoryuken,right
20260513_keita_jin_1,jin,85.130908,hadouken,right
20260513_keita_jin_2,jin,10.093096,shoryuken,right
20260513_keita_jin_2,jin,10.093096,hadouken,left
20260513_keita_jin_2,keita,11.7011,shoryuken,right
20260513_keita_jin_2,jin,11.827176,shoryuken,right
20260513_keita_jin_2,jin,11.827176,hadouken,right
20260513_keita_jin_2,keita,11.891056,hadouken,left
20260513_keita_jin_2,jin,13.371143,shoryuken,right
20260513_keita_jin_2,jin,13.371143,hadouken,right
20260513_keita_jin_2,jin,16.01226,shoryuken,left
20260513_keita_jin_2,jin,16.01226,hadouken,left
20260513_keita_jin_2,keita,16.481071,shoryuken,left
20260513_keita_jin_2,jin,17.435153,shoryuken,left
20260513_keita_jin_2,jin,17.435153,hadouken,right
20260513_keita_jin_2,keita,17.881114,shoryuken,left
20260513_keita_jin_2,keita,17.881114,hadouken,left
20260513_keita_jin_2,jin,19.607074,shoryuken,left
20260513_keita_jin_2,jin,19.607074,hadouken,left
20260513_keita_jin_2,keita,20.477111,shoryuken,left
20260513_keita_jin_2,jin,21.161146,shoryuken,left
20260513_keita_jin_2,jin,21.161146,hadouken,right
20260513_keita_jin_2,keita,21.665112,shoryuken,left
20260513_keita_jin_2,jin,24.623055,shoryuken,left
20260513_keita_jin_2,jin,24.623055,hadouken,right
20260513_keita_jin_2,jin,25.777067,shoryuken,right
20260513_keita_jin_2,jin,25.777067,hadouken,right
20260513_keita_jin_2,jin,29.817191,shoryuken,right
20260513_keita_jin_2,jin,29.817191,hadouken,right
20260513_keita_jin_2,jin,30.865137,shoryuken,right
20260513_keita_jin_2,jin,30.865137,hadouken,right
20260513_keita_jin_2,keita,41.817056,shoryuken,right
20260513_keita_jin_2,keita,42.855077,shoryuken,right
20260513_keita_jin_2,jin,49.755131,shoryuken,right
20260513_keita_jin_2,jin,49.755131,hadouken,right
20260513_keita_jin_2,keita,49.779047,shoryuken,right
20260513_keita_jin_2,jin,54.235115,shoryuken,left
20260513_keita_jin_2,jin,54.235115,hadouken,left
20260513_keita_jin_2,jin,55.871117,shoryuken,left
20260513_keita_jin_2,keita,55.949149,shoryuken,left
20260513_keita_jin_2,jin,57.349133,shoryuken,left
20260513_keita_jin_2,jin,57.72309,hadouken,left
20260513_keita_jin_2,jin,58.90513,shoryuken,left
20260513_keita_jin_2,jin,59.103164,hadouken,left
20260513_keita_jin_2,jin,60.897163,shoryuken,left
20260513_keita_jin_2,jin,61.275106,hadouken,right
20260513_keita_jin_2,jin,63.263063,shoryuken,right
20260513_keita_jin_2,jin,63.263063,hadouken,right
20260513_keita_jin_2,keita,63.323062,shoryuken,left
20260513_keita_jin_2,keita,63.323062,hadouken,left
20260513_keita_jin_2,jin,64.467089,shoryuken,right
20260513_keita_jin_2,jin,64.467089,hadouken,right
20260513_keita_jin_2,keita,64.529096,shoryuken,left
20260513_keita_jin_2,keita,65.16507,hadouken,left
20260513_keita_jin_2,jin,75.839148,hadouken,right
20260513_keita_jin_2,jin,76.613163,shoryuken,right
20260513_keita_jin_2,jin,77.939063,shoryuken,left
20260513_keita_jin_2,jin,78.135166,hadouken,right
20260513_keita_jin_2,jin,84.175227,shoryuken,right
20260513_keita_jin_2,jin,84.175227,hadouken,right
20260513_keita_jin_2,keita,84.573044,shoryuken,left
20260513_keita_jin_2,jin,85.631207,shoryuken,left
20260513_keita_jin_2,jin,85.829154,hadouken,left
20260513_keita_jin_2,jin,86.72115600000001,shoryuken,right
20260513_keita_jin_2,jin,87.303128,hadouken,left
20260513_keita_jin_2,keita,88.055904,hadouken,left
20260513_keita_jin_2,keita,89.34108499999999,shoryuken,left
20260513_keita_jin_2,keita,89.715075,hadouken,left
20260513_keita_jin_2,jin,89.743122,shoryuken,left
20260513_keita_jin_2,jin,89.743122,hadouken,left
20260513_keita_jin_2,keita,94.165096,shoryuken,left
20260513_keita_jin_2,jin,94.671086,shoryuken,left
20260513_keita_jin_2,keita,95.317079,shoryuken,left
20260513_keita_jin_2,keita,95.317079,hadouken,left
20260513_keita_jin_2,keita,96.471051,shoryuken,left
20260513_keita_jin_2,keita,97.517125,shoryuken,left
20260513_keita_kotaro_1,keita,12.807014,shoryuken,right
20260513_keita_kotaro_1,kotaro,13.835074,shoryuken,right
20260513_keita_kotaro_1,keita,13.837017,shoryuken,right
20260513_keita_kotaro_1,kotaro,16.959089,shoryuken,left
20260513_keita_kotaro_1,kotaro,16.959089,hadouken,right
20260513_keita_kotaro_1,keita,17.201016,shoryuken,right
20260513_keita_kotaro_1,keita,18.215018,shoryuken,right
20260513_keita_kotaro_1,keita,18.425029,hadouken,left
20260513_keita_kotaro_1,keita,22.087046,shoryuken,left
20260513_keita_kotaro_1,keita,22.087046,hadouken,right
20260513_keita_kotaro_1,kotaro,22.251009,shoryuken,left
20260513_keita_kotaro_1,kotaro,22.251009,hadouken,right
20260513_keita_kotaro_1,keita,23.103059,shoryuken,right
20260513_keita_kotaro_1,keita,23.103059,hadouken,right
20260513_keita_kotaro_1,kotaro,23.401078,shoryuken,right
20260513_keita_kotaro_1,kotaro,23.401078,hadouken,left
20260513_keita_kotaro_1,keita,28.661031,shoryuken,right
20260513_keita_kotaro_1,keita,29.207078,hadouken,right
20260513_keita_kotaro_1,keita,30.171039,shoryuken,right
20260513_keita_kotaro_1,keita,41.107,shoryuken,right
20260513_keita_kotaro_1,keita,44.999022,shoryuken,right
20260513_keita_kotaro_1,kotaro,48.343041,shoryuken,right
20260513_keita_kotaro_1,kotaro,48.343041,hadouken,right
20260513_keita_kotaro_1,kotaro,50.205134,shoryuken,right
20260513_keita_kotaro_1,kotaro,50.205134,hadouken,right
20260513_keita_kotaro_1,keita,51.676988,shoryuken,right
20260513_keita_kotaro_1,kotaro,51.761064,shoryuken,right
20260513_keita_kotaro_1,kotaro,52.701031,hadouken,right
20260513_keita_kotaro_1,kotaro,54.071079,shoryuken,left
20260513_keita_kotaro_1,kotaro,54.071079,hadouken,left
20260513_keita_kotaro_1,kotaro,55.679118,shoryuken,left
20260513_keita_kotaro_1,kotaro,55.899036,hadouken,left
20260513_keita_kotaro_1,kotaro,56.995003,shoryuken,right
20260513_keita_kotaro_1,kotaro,56.995003,hadouken,right
20260513_keita_kotaro_1,keita,69.407027,shoryuken,right
20260513_keita_kotaro_1,keita,71.775046,shoryuken,right
20260513_keita_kotaro_1,keita,73.897211,shoryuken,right
20260513_keita_kotaro_1,keita,80.011003,shoryuken,left
20260513_keita_kotaro_1,keita,80.343054,hadouken,left
20260513_keita_kotaro_1,kotaro,80.71909,shoryuken,right
20260513_keita_kotaro_1,kotaro,80.71909,hadouken,right
20260513_keita_kotaro_1,keita,81.087025,shoryuken,left
20260513_keita_kotaro_1,keita,84.433538,hadouken,left
20260513_keita_kotaro_1,kotaro,84.97501700000001,shoryuken,right
20260513_keita_kotaro_1,kotaro,84.97501700000001,hadouken,right
20260513_keita_kotaro_1,kotaro,87.417018,shoryuken,left
20260513_keita_kotaro_2,kotaro,15.416884,hadouken,right
20260513_keita_kotaro_2,kotaro,15.646857,shoryuken,right
20260513_keita_kotaro_2,kotaro,17.586912,shoryuken,right
20260513_keita_kotaro_2,keita,17.74712,shoryuken,right
20260513_keita_kotaro_2,keita,17.74712,hadouken,left
20260513_keita_kotaro_2,keita,18.814815,hadouken,left
20260513_keita_kotaro_2,kotaro,22.026897,shoryuken,left
20260513_keita_kotaro_2,kotaro,22.026897,hadouken,left
20260513_keita_kotaro_2,keita,22.138809,shoryuken,right
20260513_keita_kotaro_2,keita,24.672831,shoryuken,right
20260513_keita_kotaro_2,kotaro,24.830906,shoryuken,left
20260513_keita_kotaro_2,kotaro,24.830906,hadouken,right
20260513_keita_kotaro_2,kotaro,33.730859,shoryuken,right
20260513_keita_kotaro_2,keita,36.121342,shoryuken,right
20260513_keita_kotaro_2,keita,36.486833,hadouken,right
20260513_keita_kotaro_2,keita,38.226851,shoryuken,right
20260513_keita_kotaro_2,keita,38.397144,hadouken,left
20260513_keita_kotaro_2,kotaro,38.414889,shoryuken,left
20260513_keita_kotaro_2,kotaro,38.414889,hadouken,left
20260513_keita_kotaro_2,keita,40.716819,shoryuken,left
20260513_keita_kotaro_2,keita,41.142818,hadouken,left
20260513_keita_kotaro_2,keita,42.504912,shoryuken,left
20260513_keita_kotaro_2,keita,42.90083,hadouken,left
20260513_keita_kotaro_2,keita,44.106888,shoryuken,left
20260513_keita_kotaro_2,kotaro,44.988814,shoryuken,right
20260513_keita_kotaro_2,kotaro,44.988814,hadouken,right
20260513_keita_kotaro_2,keita,45.050836,hadouken,right
20260513_keita_kotaro_2,keita,45.434817,shoryuken,right
20260513_keita_kotaro_2,keita,47.51954,shoryuken,left
20260513_keita_kotaro_2,keita,48.978831,hadouken,left
20260513_keita_kotaro_2,keita,49.195038,shoryuken,left
20260513_keita_kotaro_2,kotaro,49.652865,shoryuken,right
20260513_keita_kotaro_2,kotaro,49.652865,hadouken,right
20260513_keita_kotaro_2,keita,51.082825,shoryuken,left
20260513_keita_kotaro_2,keita,51.254877,hadouken,right
20260513_keita_kotaro_2,kotaro,53.132905,shoryuken,right
20260513_keita_kotaro_2,keita,53.220815,shoryuken,right
20260513_keita_kotaro_2,keita,53.220815,hadouken,right
20260513_keita_kotaro_2,keita,64.890877,shoryuken,right
20260513_keita_kotaro_2,kotaro,65.45289,hadouken,left
20260513_keita_kotaro_2,keita,66.762822,shoryuken,right
20260513_keita_kotaro_2,kotaro,67.218895,shoryuken,left
20260513_keita_kotaro_2,kotaro,67.218895,hadouken,left
20260513_keita_kotaro_2,keita,68.222812,shoryuken,right
20260513_keita_kotaro_2,keita,68.222812,hadouken,left
20260513_keita_kotaro_2,kotaro,68.472906,shoryuken,left
20260513_keita_kotaro_2,kotaro,68.472906,hadouken,right
20260513_keita_kotaro_2,keita,72.474875,shoryuken,right
20260513_keita_kotaro_2,keita,72.870827,hadouken,right
20260513_keita_kotaro_2,keita,76.178926,shoryuken,right
20260513_keita_kotaro_2,kotaro,76.774882,shoryuken,left
20260513_keita_kotaro_2,kotaro,76.774882,hadouken,left
20260513_keita_kotaro_2,keita,79.440857,shoryuken,right
20260513_keita_kotaro_2,keita,79.65686,hadouken,right
20260513_keita_kotaro_2,kotaro,80.488906,shoryuken,left
20260513_keita_kotaro_2,kotaro,80.488906,hadouken,left
20260513_keita_kotaro_2,kotaro,81.598888,shoryuken,left
20260513_keita_kotaro_2,keita,84.360822,hadouken,left
20260513_keita_kotaro_2,keita,86.298796,shoryuken,right
20260513_keita_kotaro_2,kotaro,89.154841,hadouken,right
20260513_keita_kotaro_2,keita,90.708844,shoryuken,right
20260513_keita_kotaro_2,keita,93.830938,shoryuken,right
20260513_keita_kotaro_2,kotaro,94.526831,shoryuken,left
20260513_keita_kotaro_2,keita,94.538874,hadouken,left
20260513_keita_kotaro_2,keita,94.894835,shoryuken,right
20260513_keita_kotaro_2,keita,95.640817,hadouken,left
20260513_keita_kotaro_2,kotaro,97.686815,shoryuken,left
20260513_keita_kotaro_2,kotaro,97.686815,hadouken,right
20260513_keita_kotaro_2,keita,99.548922,shoryuken,left
20260513_keita_ryo_1,ryo,35.921005,shoryuken,right
20260513_keita_ryo_1,keita,36.387081,shoryuken,right
20260513_keita_ryo_1,ryo,36.443028,hadouken,right
20260513_keita_ryo_1,keita,36.525149,hadouken,left
20260513_keita_ryo_1,ryo,37.099005,shoryuken,left
20260513_keita_ryo_1,keita,37.516927,shoryuken,left
20260513_keita_ryo_1,keita,37.690973,hadouken,left
20260513_keita_ryo_1,ryo,38.238991,shoryuken,left
20260513_keita_ryo_1,ryo,38.684923,hadouken,left
20260513_keita_ryo_1,keita,40.436921,shoryuken,left
20260513_keita_ryo_1,ryo,40.488999,shoryuken,left
20260513_keita_ryo_1,ryo,40.488999,hadouken,right
20260513_keita_ryo_1,keita,40.602937,hadouken,right
20260513_keita_ryo_1,ryo,42.798928,shoryuken,right
20260513_keita_ryo_1,ryo,46.516987,hadouken,left
20260513_keita_ryo_1,ryo,46.698989,shoryuken,left
20260513_keita_ryo_1,ryo,47.805002,shoryuken,left
20260513_keita_ryo_1,ryo,47.805002,hadouken,left
20260513_keita_ryo_1,keita,49.578904,shoryuken,left
20260513_keita_ryo_1,ryo,52.048945,hadouken,right
20260513_keita_ryo_1,ryo,54.138983,shoryuken,right
20260513_keita_ryo_1,ryo,55.332931,shoryuken,right
20260513_keita_ryo_1,keita,65.614927,shoryuken,left
20260513_keita_ryo_1,keita,66.218922,hadouken,left
20260513_keita_ryo_1,ryo,67.006919,shoryuken,right
20260513_keita_ryo_1,ryo,70.456986,shoryuken,left
20260513_keita_ryo_1,keita,71.116912,hadouken,left
20260513_keita_ryo_1,ryo,71.490988,shoryuken,left
20260513_keita_ryo_1,keita,71.534932,shoryuken,left
20260513_keita_ryo_1,ryo,72.600979,shoryuken,right
20260513_keita_ryo_1,keita,72.615009,shoryuken,left
20260513_keita_ryo_1,ryo,73.754928,shoryuken,right
20260513_keita_ryo_1,ryo,74.905002,shoryuken,right
20260513_keita_ryo_1,keita,84.12291,hadouken,left
20260513_keita_ryo_1,ryo,84.614935,shoryuken,right
20260513_keita_ryo_1,keita,86.694953,shoryuken,left
20260513_keita_ryo_1,ryo,86.77301299999999,shoryuken,right
20260513_keita_ryo_1,ryo,87.738924,hadouken,right
20260513_keita_ryo_1,ryo,87.979023,shoryuken,right
20260513_keita_ryo_1,ryo,89.139026,shoryuken,right
20260513_keita_ryo_1,ryo,92.654997,shoryuken,right
20260513_keita_ryo_1,ryo,93.633044,hadouken,right
20260513_keita_ryo_1,ryo,93.936983,shoryuken,right
20260513_keita_ryo_1,keita,95.622934,shoryuken,left
20260513_keita_ryo_1,ryo,96.16104,shoryuken,right
20260513_keita_ryo_1,keita,96.318934,hadouken,left
20260513_keita_ryo_1,keita,106.200945,shoryuken,left
20260513_keita_ryo_1,ryo,107.00301,shoryuken,right
20260513_keita_ryo_1,keita,108.080911,shoryuken,right
20260513_keita_ryo_1,ryo,108.119056,shoryuken,right
20260513_keita_ryo_1,keita,109.090982,shoryuken,right
20260513_keita_ryo_1,keita,109.300953,hadouken,right
20260513_keita_ryo_1,keita,110.236931,shoryuken,right
20260513_keita_ryo_1,ryo,110.840982,hadouken,left
20260513_keita_ryo_1,keita,111.383001,shoryuken,right
20260513_keita_ryo_1,ryo,113.900991,shoryuken,left
20260513_keita_ryo_1,keita,114.590989,shoryuken,right
20260513_keita_ryo_1,keita,114.590989,hadouken,right
20260513_keita_ryo_1,ryo,114.984954,hadouken,left
20260513_keita_ryo_1,keita,117.148924,shoryuken,right
20260513_keita_ryo_1,ryo,117.649023,shoryuken,left
20260513_keita_ryo_1,ryo,118.113013,hadouken,left
20260513_keita_ryo_1,ryo,119.433007,shoryuken,right
20260513_keita_ryo_1,keita,119.561158,shoryuken,left
20260513_keita_ryo_1,keita,119.561158,hadouken,right
20260513_keita_ryo_1,ryo,119.62696,hadouken,left
20260513_keita_ryo_1,keita,121.280966,shoryuken,right
20260513_keita_ryo_1,keita,121.280966,hadouken,right
20260513_keita_ryo_1,ryo,124.84102,shoryuken,right
20260513_keita_ryo_1,ryo,125.173004,hadouken,left
20260513_keita_ryo_1,keita,126.211022,shoryuken,right
20260513_keita_ryo_1,keita,127.350947,shoryuken,right
20260513_keita_ryo_1,keita,129.332943,shoryuken,right
20260513_keita_ryo_1,ryo,129.366986,shoryuken,right
20260513_keita_ryo_1,ryo,129.366986,hadouken,left
20260513_keita_ryo_1,keita,129.922952,hadouken,right
20260513_keita_ryo_1,ryo,130.434945,hadouken,left
20260513_keita_ryo_2,keita,22.183005,shoryuken,right
20260513_keita_ryo_2,ryo,23.549076,hadouken,left
20260513_keita_ryo_2,ryo,29.715066,hadouken,left
20260513_keita_ryo_2,keita,31.25699,hadouken,left
20260513_keita_ryo_2,ryo,31.777043,shoryuken,right
20260513_keita_ryo_2,keita,32.52905,hadouken,left
20260513_keita_ryo_2,keita,32.969001,shoryuken,left
20260513_keita_ryo_2,keita,33.548985,hadouken,right
20260513_keita_ryo_2,keita,33.972992,shoryuken,left
20260513_keita_ryo_2,ryo,34.329135,shoryuken,right
20260513_keita_ryo_2,keita,35.473022,shoryuken,right
20260513_keita_ryo_2,keita,36.309078,hadouken,right
20260513_keita_ryo_2,keita,36.501001,shoryuken,right
20260513_keita_ryo_2,ryo,36.795144,shoryuken,right
20260513_keita_ryo_2,ryo,37.543156,hadouken,left
20260513_keita_ryo_2,keita,37.645028,shoryuken,right
20260513_keita_ryo_2,ryo,38.261206,shoryuken,left
20260513_keita_ryo_2,ryo,39.105056,hadouken,left
20260513_keita_ryo_2,ryo,39.313068,shoryuken,left
20260513_keita_ryo_2,keita,39.47501,shoryuken,right
20260513_keita_ryo_2,keita,48.991014,shoryuken,right
20260513_keita_ryo_2,keita,48.991014,hadouken,left
20260513_keita_ryo_2,keita,50.30299,shoryuken,right
20260513_keita_ryo_2,keita,50.30299,hadouken,right
20260513_keita_ryo_2,ryo,50.651055,shoryuken,left
20260513_keita_ryo_2,keita,51.418987,shoryuken,right
20260513_keita_ryo_2,keita,51.418987,hadouken,right
20260513_keita_ryo_2,ryo,51.821053,shoryuken,left
20260513_keita_ryo_2,keita,55.258983,shoryuken,left
20260513_keita_ryo_2,keita,55.815011,hadouken,left
20260513_keita_ryo_2,ryo,56.057044,shoryuken,right
20260513_keita_ryo_2,ryo,56.057044,hadouken,left
20260513_keita_ryo_2,ryo,57.217073,shoryuken,left
20260513_keita_ryo_2,keita,58.447009,shoryuken,right
20260513_keita_ryo_2,ryo,60.054993,shoryuken,left
20260513_keita_ryo_2,ryo,61.271058,hadouken,right
20260513_keita_ryo_2,keita,61.413022,shoryuken,right
20260513_keita_ryo_2,keita,71.909008,shoryuken,right
20260513_keita_ryo_2,keita,73.53501,shoryuken,right
20260513_keita_ryo_2,ryo,74.834978,shoryuken,left
20260513_keita_ryo_2,ryo,75.973057,hadouken,left
20260513_keita_ryo_2,ryo,78.285056,shoryuken,right
20260513_keita_ryo_2,ryo,78.285056,hadouken,right
20260513_keita_ryo_2,keita,79.417069,hadouken,left
20260513_keita_ryo_2,ryo,79.643162,shoryuken,right
20260513_keita_ryo_2,ryo,79.643162,hadouken,right
20260513_keita_ryo_2,ryo,81.981,shoryuken,left
20260513_keita_ryo_2,keita,82.165018,shoryuken,left
20260513_keita_ryo_2,ryo,83.09702,shoryuken,right
20260513_keita_ryo_2,keita,83.382999,shoryuken,left
20260513_keita_ryo_2,keita,83.688999,hadouken,right
20260513_keita_ryo_2,ryo,85.277134,shoryuken,right
20260513_keita_ryo_2,keita,86.066964,shoryuken,right
20260513_keita_ryo_2,keita,86.643016,hadouken,left
20260513_keita_ryo_2,ryo,91.441036,shoryuken,right
20260513_keita_ryo_2,keita,93.044989,shoryuken,right
20260513_keita_ryo_2,keita,93.440984,hadouken,right
20260513_keita_ryo_2,ryo,94.121059,shoryuken,right
20260513_keita_ryo_2,ryo,94.121059,hadouken,right
20260513_keita_ryo_2,keita,94.125009,shoryuken,right
20260513_keita_ryo_2,keita,94.480996,hadouken,right
20260513_kotaro_akira_1,akira,13.617454,hadouken,left
20260513_kotaro_akira_1,kotaro,16.353618,shoryuken,right
20260513_kotaro_akira_1,akira,16.513467,shoryuken,right
20260513_kotaro_akira_1,akira,16.513467,hadouken,right
20260513_kotaro_akira_1,akira,17.649553,shoryuken,right
20260513_kotaro_akira_1,akira,17.649553,hadouken,right
20260513_kotaro_akira_1,kotaro,18.753493,shoryuken,right
20260513_kotaro_akira_1,akira,19.855486,shoryuken,right
20260513_kotaro_akira_1,akira,19.855486,hadouken,right
20260513_kotaro_akira_1,kotaro,20.875471,hadouken,left
20260513_kotaro_akira_1,akira,21.721512,shoryuken,right
20260513_kotaro_akira_1,akira,21.721512,hadouken,right
20260513_kotaro_akira_1,kotaro,21.869517,shoryuken,left
20260513_kotaro_akira_1,kotaro,23.157503,shoryuken,right
20260513_kotaro_akira_1,kotaro,23.157503,hadouken,left
20260513_kotaro_akira_1,akira,24.081473,shoryuken,right
20260513_kotaro_akira_1,akira,24.081473,hadouken,right
20260513_kotaro_akira_1,kotaro,24.965491,shoryuken,right
20260513_kotaro_akira_1,kotaro,24.965491,hadouken,left
20260513_kotaro_akira_1,kotaro,26.845487,shoryuken,right
20260513_kotaro_akira_1,kotaro,26.845487,hadouken,left
20260513_kotaro_akira_1,kotaro,28.079512,shoryuken,right
20260513_kotaro_akira_1,kotaro,28.079512,hadouken,left
20260513_kotaro_akira_1,kotaro,29.087481,shoryuken,left
20260513_kotaro_akira_1,kotaro,29.087481,hadouken,left
20260513_kotaro_akira_1,akira,29.779538,shoryuken,left
20260513_kotaro_akira_1,akira,29.779538,hadouken,right
20260513_kotaro_akira_1,akira,31.227546,shoryuken,right
20260513_kotaro_akira_1,akira,31.227546,hadouken,right
20260513_kotaro_akira_1,kotaro,31.807524,shoryuken,right
20260513_kotaro_akira_1,akira,32.255582,hadouken,right
20260513_kotaro_akira_1,akira,32.573592,shoryuken,right
20260513_kotaro_akira_1,kotaro,33.061467,shoryuken,right
20260513_kotaro_akira_1,kotaro,33.061467,hadouken,right
20260513_kotaro_akira_1,akira,33.759532,shoryuken,right
20260513_kotaro_akira_1,akira,33.759532,hadouken,right
20260513_kotaro_akira_1,kotaro,34.349493,shoryuken,right
20260513_kotaro_akira_1,kotaro,34.349493,hadouken,right
20260513_kotaro_akira_1,akira,35.349552,shoryuken,right
20260513_kotaro_akira_1,akira,35.349552,hadouken,right
20260513_kotaro_akira_1,kotaro,35.587493,shoryuken,right
20260513_kotaro_akira_1,kotaro,35.587493,hadouken,right
20260513_kotaro_akira_1,akira,36.391528,shoryuken,left
20260513_kotaro_akira_1,akira,36.391528,hadouken,left
20260513_kotaro_akira_1,kotaro,38.027473,shoryuken,left
20260513_kotaro_akira_1,akira,38.46547,shoryuken,left
20260513_kotaro_akira_1,akira,38.46547,hadouken,right
20260513_kotaro_akira_1,kotaro,39.037459,shoryuken,right
20260513_kotaro_akira_1,kotaro,39.037459,hadouken,right
20260513_kotaro_akira_1,akira,40.679477,shoryuken,right
20260513_kotaro_akira_1,akira,40.679477,hadouken,right
20260513_kotaro_akira_1,kotaro,41.001528,shoryuken,right
20260513_kotaro_akira_1,kotaro,41.203504,hadouken,left
20260513_kotaro_akira_1,kotaro,42.127538,shoryuken,left
20260513_kotaro_akira_1,kotaro,42.489481,hadouken,right
20260513_kotaro_akira_1,kotaro,44.331695,hadouken,left
20260513_kotaro_akira_1,akira,44.503504,shoryuken,right
20260513_kotaro_akira_1,akira,44.503504,hadouken,right
20260513_kotaro_akira_1,kotaro,45.711483,shoryuken,left
20260513_kotaro_akira_1,kotaro,45.711483,hadouken,left
20260513_kotaro_akira_1,akira,53.341469,shoryuken,right
20260513_kotaro_akira_1,akira,53.341469,hadouken,right
20260513_kotaro_akira_1,akira,55.211552,shoryuken,right
20260513_kotaro_akira_1,akira,55.211552,hadouken,right
20260513_kotaro_akira_1,kotaro,55.509477,hadouken,right
20260513_kotaro_akira_1,akira,63.985506,hadouken,left
20260513_kotaro_akira_1,akira,66.221481,hadouken,right
20260513_kotaro_akira_1,akira,67.147545,shoryuken,right
20260513_kotaro_akira_1,kotaro,69.241478,shoryuken,right
20260513_kotaro_akira_1,akira,70.107531,shoryuken,right
20260513_kotaro_akira_1,akira,71.867628,shoryuken,right
20260513_kotaro_akira_1,akira,71.867628,hadouken,left
20260513_kotaro_akira_1,kotaro,71.881572,shoryuken,left
20260513_kotaro_akira_1,kotaro,71.881572,hadouken,right
20260513_kotaro_akira_1,akira,73.673546,shoryuken,left
20260513_kotaro_akira_1,akira,73.673546,hadouken,left
20260513_kotaro_akira_1,kotaro,73.707465,shoryuken,right
20260513_kotaro_akira_1,kotaro,73.707465,hadouken,right
20260513_kotaro_akira_1,kotaro,75.14764,shoryuken,right
20260513_kotaro_akira_1,kotaro,75.14764,hadouken,right
20260513_kotaro_akira_1,kotaro,76.255484,shoryuken,right
20260513_kotaro_akira_1,kotaro,76.255484,hadouken,right
20260513_kotaro_akira_1,akira,76.267605,shoryuken,right
20260513_kotaro_akira_1,akira,77.671542,shoryuken,right
20260513_kotaro_akira_1,akira,77.671542,hadouken,right
20260513_kotaro_akira_1,kotaro,78.253481,shoryuken,right
20260513_kotaro_akira_1,akira,78.93758,shoryuken,right
20260513_kotaro_akira_1,akira,78.93758,hadouken,right
20260513_kotaro_akira_1,akira,80.387468,shoryuken,right
20260513_kotaro_akira_1,akira,81.069498,hadouken,right
20260513_kotaro_akira_1,akira,81.787606,shoryuken,right
20260513_kotaro_akira_1,akira,84.399611,shoryuken,right
20260513_kotaro_akira_1,akira,84.399611,hadouken,right
20260513_kotaro_akira_1,kotaro,86.497546,shoryuken,right
20260513_kotaro_akira_1,kotaro,86.497546,hadouken,right
20260513_kotaro_akira_1,kotaro,87.617499,hadouken,right
20260513_kotaro_akira_1,kotaro,88.943498,shoryuken,left
20260513_kotaro_akira_1,kotaro,88.943498,hadouken,right
20260513_kotaro_akira_1,akira,89.323492,shoryuken,left
20260513_kotaro_akira_1,akira,89.323492,hadouken,right
20260513_kotaro_akira_1,kotaro,90.331464,shoryuken,right
20260513_kotaro_akira_1,kotaro,90.331464,hadouken,right
20260513_kotaro_akira_1,kotaro,91.447503,shoryuken,right
20260513_kotaro_akira_1,kotaro,91.447503,hadouken,right
20260513_kotaro_akira_1,kotaro,93.945548,hadouken,right
20260513_kotaro_akira_1,akira,95.02754,shoryuken,left
20260513_kotaro_akira_1,kotaro,95.115511,shoryuken,left
20260513_kotaro_akira_1,kotaro,95.115511,hadouken,right
20260513_kotaro_akira_1,akira,95.445534,hadouken,right
20260513_kotaro_akira_1,akira,96.245545,shoryuken,right
20260513_kotaro_akira_1,kotaro,96.405528,shoryuken,left
20260513_kotaro_akira_1,kotaro,96.405528,hadouken,right
20260513_kotaro_akira_1,akira,97.679494,shoryuken,left
20260513_kotaro_akira_1,akira,97.679494,hadouken,left
20260513_kotaro_akira_1,kotaro,102.100365,shoryuken,right
20260513_kotaro_akira_1,kotaro,102.100365,hadouken,right
20260513_kotaro_akira_1,akira,102.409493,shoryuken,left
20260513_kotaro_akira_1,akira,110.251557,hadouken,left
20260513_kotaro_akira_1,akira,110.973551,shoryuken,left
20260513_kotaro_akira_1,akira,114.299503,shoryuken,right
20260513_kotaro_akira_1,akira,114.299503,hadouken,left
20260513_kotaro_akira_1,akira,115.387491,hadouken,left
20260513_kotaro_akira_1,kotaro,115.539503,shoryuken,right
20260513_kotaro_akira_1,kotaro,116.065479,hadouken,right
20260513_kotaro_akira_1,akira,116.347561,shoryuken,right
20260513_kotaro_akira_1,akira,118.705554,shoryuken,right
20260513_kotaro_akira_1,akira,118.705554,hadouken,right
20260513_kotaro_akira_1,akira,121.193552,shoryuken,left
20260513_kotaro_akira_1,akira,121.193552,hadouken,left
20260513_kotaro_akira_1,akira,124.633482,hadouken,right
20260513_kotaro_akira_1,akira,126.347681,shoryuken,right
20260513_kotaro_akira_1,akira,127.715531,shoryuken,right
20260513_kotaro_akira_1,akira,127.715531,hadouken,left
20260513_kotaro_akira_1,akira,128.769824,shoryuken,right
20260513_kotaro_akira_1,akira,128.769824,hadouken,right
20260513_kotaro_akira_1,kotaro,129.703482,shoryuken,right
20260513_kotaro_akira_1,akira,130.04555,shoryuken,right
20260513_kotaro_akira_1,akira,130.04555,hadouken,right
20260513_kotaro_akira_1,kotaro,131.131554,shoryuken,right
20260513_kotaro_akira_1,kotaro,131.131554,hadouken,right
20260513_kotaro_akira_1,akira,131.165561,shoryuken,left
20260513_kotaro_akira_1,akira,131.165561,hadouken,right
20260513_kotaro_akira_1,akira,133.111489,shoryuken,right
20260513_kotaro_akira_1,akira,133.111489,hadouken,right
20260513_kotaro_akira_1,kotaro,134.749498,shoryuken,left
20260513_kotaro_akira_1,kotaro,134.749498,hadouken,left
20260513_kotaro_akira_1,akira,135.381804,shoryuken,right
20260513_kotaro_akira_1,akira,135.545563,hadouken,left
20260513_kotaro_akira_1,akira,137.067474,shoryuken,right
20260513_kotaro_akira_1,akira,137.715591,hadouken,right
20260513_kotaro_akira_1,akira,138.339555,shoryuken,right
20260513_kotaro_akira_1,akira,139.447556,shoryuken,left
20260513_kotaro_akira_1,akira,139.447556,hadouken,right
20260513_kotaro_akira_1,kotaro,140.297642,shoryuken,left
20260513_kotaro_akira_1,kotaro,140.297642,hadouken,left
20260513_kotaro_akira_1,akira,142.831657,shoryuken,right
20260513_kotaro_akira_1,akira,145.973559,shoryuken,right
20260513_kotaro_akira_1,akira,145.973559,hadouken,left
20260513_kotaro_akira_1,akira,149.481505,shoryuken,left
20260513_kotaro_akira_1,akira,149.481505,hadouken,left
20260513_kotaro_akira_1,akira,151.401621,shoryuken,right
20260513_kotaro_akira_1,akira,151.401621,hadouken,right
20260513_kotaro_akira_1,akira,152.429589,shoryuken,right
20260513_kotaro_akira_1,akira,152.429589,hadouken,right
20260513_kotaro_akira_1,akira,154.267506,shoryuken,left
20260513_kotaro_akira_1,akira,154.267506,hadouken,right
20260513_kotaro_akira_1,kotaro,154.529553,shoryuken,right
20260513_kotaro_akira_1,kotaro,154.529553,hadouken,right
20260513_kotaro_akira_1,kotaro,155.583491,shoryuken,right
20260513_kotaro_akira_1,kotaro,155.583491,hadouken,left
20260513_kotaro_akira_2,akira,57.841794,hadouken,left
20260513_kotaro_akira_2,kotaro,60.407826,shoryuken,right
20260513_kotaro_akira_2,kotaro,60.601813,hadouken,right
20260513_kotaro_akira_2,akira,61.323814,shoryuken,right
20260513_kotaro_akira_2,akira,61.323814,hadouken,right
20260513_kotaro_akira_2,kotaro,65.679832,shoryuken,right
20260513_kotaro_akira_2,kotaro,65.679832,hadouken,right
20260513_kotaro_akira_2,akira,66.527877,shoryuken,right
20260513_kotaro_akira_2,akira,66.527877,hadouken,right
20260513_kotaro_akira_2,kotaro,67.34856,shoryuken,right
20260513_kotaro_akira_2,kotaro,67.34856,hadouken,right
20260513_kotaro_akira_2,akira,69.183911,shoryuken,left
20260513_kotaro_akira_2,akira,69.183911,hadouken,left
20260513_kotaro_akira_2,kotaro,69.189846,shoryuken,right
20260513_kotaro_akira_2,kotaro,69.189846,hadouken,right
20260513_kotaro_akira_2,akira,70.581881,shoryuken,right
20260513_kotaro_akira_2,akira,70.581881,hadouken,left
20260513_kotaro_akira_2,akira,74.557834,shoryuken,right
20260513_kotaro_akira_2,akira,74.557834,hadouken,right
20260513_kotaro_akira_2,kotaro,77.487832,shoryuken,right
20260513_kotaro_akira_2,kotaro,78.181802,hadouken,right
20260513_kotaro_akira_2,akira,79.455908,shoryuken,left
20260513_kotaro_akira_2,akira,79.455908,hadouken,left
20260513_kotaro_akira_2,kotaro,80.797823,shoryuken,right
20260513_kotaro_akira_2,akira,81.37988,shoryuken,left
20260513_kotaro_akira_2,akira,81.37988,hadouken,right
20260513_kotaro_akira_2,kotaro,83.05183,hadouken,right
20260513_kotaro_akira_2,kotaro,85.451982,shoryuken,right
20260513_kotaro_akira_2,kotaro,85.451982,hadouken,right
20260513_kotaro_akira_2,akira,93.521935,hadouken,left
20260513_kotaro_akira_2,kotaro,96.721831,shoryuken,right
20260513_kotaro_akira_2,kotaro,96.721831,hadouken,left
20260513_kotaro_akira_2,akira,97.805912,shoryuken,right
20260513_kotaro_akira_2,akira,97.805912,hadouken,left
20260513_kotaro_akira_2,kotaro,100.063824,shoryuken,right
20260513_kotaro_akira_2,kotaro,100.385818,hadouken,right
20260513_kotaro_akira_2,kotaro,101.745902,shoryuken,left
20260513_kotaro_akira_2,kotaro,101.745902,hadouken,right
20260513_kotaro_akira_2,kotaro,102.943807,shoryuken,right
20260513_kotaro_akira_2,kotaro,102.943807,hadouken,right
20260513_kotaro_akira_2,akira,103.143905,shoryuken,right
20260513_kotaro_akira_2,akira,103.143905,hadouken,left
20260513_kotaro_akira_2,kotaro,105.725811,hadouken,left
20260513_kotaro_akira_2,akira,106.683939,shoryuken,right
20260513_kotaro_akira_2,akira,106.683939,hadouken,right
20260513_kotaro_akira_2,kotaro,107.075877,shoryuken,right
20260513_kotaro_akira_2,kotaro,107.818498,hadouken,right
20260513_kotaro_akira_2,kotaro,108.119826,shoryuken,right
20260513_kotaro_akira_2,akira,108.9418,shoryuken,right
20260513_kotaro_akira_2,akira,108.9418,hadouken,right
20260513_kotaro_akira_2,kotaro,109.163853,shoryuken,right
20260513_kotaro_akira_2,kotaro,111.407835,hadouken,left
20260513_kotaro_akira_2,kotaro,111.793814,shoryuken,left
20260513_kotaro_akira_2,akira,113.677889,shoryuken,right
20260513_kotaro_akira_2,kotaro,113.839906,hadouken,left
20260513_kotaro_akira_2,akira,114.709893,shoryuken,right
20260513_kotaro_akira_2,akira,114.709893,hadouken,right
20260513_kotaro_akira_2,akira,116.247905,shoryuken,right
20260513_kotaro_akira_2,akira,116.247905,hadouken,left
20260513_kotaro_akira_2,kotaro,116.435817,shoryuken,left
20260513_kotaro_akira_2,kotaro,116.435817,hadouken,left
20260513_kotaro_akira_2,akira,118.607803,shoryuken,right
20260513_kotaro_akira_2,akira,118.607803,hadouken,left
20260513_kotaro_akira_2,akira,126.805843,hadouken,left
20260513_kotaro_akira_2,akira,129.123919,shoryuken,right
20260513_kotaro_akira_2,akira,129.123919,hadouken,left
20260513_kotaro_akira_2,kotaro,130.517829,shoryuken,right
20260513_kotaro_akira_2,akira,131.319887,shoryuken,right
20260513_kotaro_akira_2,akira,131.319887,hadouken,left
20260513_kotaro_akira_2,akira,133.323891,hadouken,left
20260513_kotaro_akira_2,akira,136.235941,shoryuken,right
20260513_kotaro_akira_2,akira,136.235941,hadouken,left
20260513_kotaro_akira_2,kotaro,136.983868,shoryuken,right
20260513_kotaro_akira_2,kotaro,136.983868,hadouken,right
20260513_kotaro_akira_2,kotaro,138.33984900000002,shoryuken,right
20260513_kotaro_akira_2,kotaro,138.33984900000002,hadouken,right
20260513_kotaro_akira_2,kotaro,139.435831,shoryuken,right
20260513_kotaro_akira_2,kotaro,139.435831,hadouken,right
20260513_kotaro_akira_2,kotaro,141.103825,shoryuken,left
20260513_kotaro_akira_2,kotaro,141.103825,hadouken,right
20260513_kotaro_akira_2,akira,141.853893,shoryuken,right
20260513_kotaro_akira_2,akira,141.853893,hadouken,right
20260513_kotaro_akira_2,kotaro,142.179784,shoryuken,right
20260513_kotaro_akira_2,akira,146.11388,shoryuken,right
20260513_kotaro_akira_2,akira,146.11388,hadouken,left
20260513_kotaro_akira_2,akira,150.115871,shoryuken,right
20260513_kotaro_akira_2,akira,150.115871,hadouken,left
20260513_kotaro_akira_2,akira,151.735835,shoryuken,left
20260513_kotaro_akira_2,akira,151.735835,hadouken,left
20260513_kotaro_akira_2,akira,152.781884,shoryuken,right
20260513_kotaro_akira_2,akira,152.781884,hadouken,left
20260513_kotaro_akira_2,akira,154.1638,shoryuken,right
20260513_kotaro_akira_2,akira,154.1638,hadouken,left
20260513_kotaro_akira_2,kotaro,154.39380599999998,shoryuken,left
20260513_kotaro_akira_2,kotaro,154.39380599999998,hadouken,right
20260513_kotaro_akira_2,kotaro,155.67382,shoryuken,right
20260513_kotaro_akira_2,kotaro,155.67382,hadouken,right
20260513_kotaro_akira_2,akira,157.339822,shoryuken,right
20260513_kotaro_akira_2,akira,157.339822,hadouken,left
20260513_kotaro_jin_1,kotaro,9.19611,hadouken,right
20260513_kotaro_jin_1,kotaro,10.888075,hadouken,right
20260513_kotaro_jin_1,kotaro,12.694123,hadouken,right
20260513_kotaro_jin_1,kotaro,13.764073,shoryuken,right
20260513_kotaro_jin_1,kotaro,13.764073,hadouken,right
20260513_kotaro_jin_1,kotaro,18.872126,shoryuken,left
20260513_kotaro_jin_1,kotaro,20.070085,shoryuken,right
20260513_kotaro_jin_1,kotaro,20.070085,hadouken,right
20260513_kotaro_jin_1,kotaro,30.526117,shoryuken,right
20260513_kotaro_jin_1,kotaro,30.526117,hadouken,left
20260513_kotaro_jin_1,kotaro,31.648111,shoryuken,left
20260513_kotaro_jin_1,kotaro,31.648111,hadouken,left
20260513_kotaro_jin_1,jin,33.222184,shoryuken,right
20260513_kotaro_jin_1,jin,34.340166,shoryuken,left
20260513_kotaro_jin_1,kotaro,36.832069,shoryuken,left
20260513_kotaro_jin_1,kotaro,36.832069,hadouken,right
20260513_kotaro_jin_1,jin,36.850187,hadouken,left
20260513_kotaro_jin_1,jin,46.214158,hadouken,left
20260513_kotaro_jin_1,jin,46.8102,shoryuken,right
20260513_kotaro_jin_1,kotaro,47.588075,shoryuken,right
20260513_kotaro_jin_1,kotaro,47.588075,hadouken,right
20260513_kotaro_jin_1,kotaro,50.206105,shoryuken,left
20260513_kotaro_jin_1,kotaro,50.206105,hadouken,right
20260513_kotaro_jin_1,kotaro,51.731257,hadouken,right
20260513_kotaro_jin_1,kotaro,54.28209,shoryuken,right
20260513_kotaro_jin_1,kotaro,54.726122,hadouken,right
20260513_kotaro_jin_1,kotaro,56.052103,shoryuken,right
20260513_kotaro_jin_1,kotaro,58.814109,shoryuken,left
20260513_kotaro_jin_1,kotaro,60.020147,shoryuken,left
20260513_kotaro_jin_1,kotaro,60.020147,hadouken,left
20260513_kotaro_jin_1,kotaro,61.778088,shoryuken,left
20260513_kotaro_jin_1,kotaro,61.778088,hadouken,right
20260513_kotaro_jin_1,kotaro,73.040102,shoryuken,left
20260513_kotaro_jin_1,kotaro,74.42216,shoryuken,left
20260513_kotaro_jin_1,kotaro,76.572111,shoryuken,left
20260513_kotaro_jin_1,kotaro,76.572111,hadouken,right
20260513_kotaro_jin_1,kotaro,78.318218,shoryuken,right
20260513_kotaro_jin_1,kotaro,78.318218,hadouken,right
20260513_kotaro_jin_1,kotaro,80.03818,shoryuken,right
20260513_kotaro_jin_1,kotaro,80.03818,hadouken,right
20260513_kotaro_jin_1,kotaro,83.158209,shoryuken,right
20260513_kotaro_jin_1,kotaro,83.158209,hadouken,right
20260513_kotaro_jin_1,kotaro,88.920084,shoryuken,left
20260513_kotaro_jin_1,kotaro,88.920084,hadouken,right
20260513_kotaro_jin_1,kotaro,90.664312,shoryuken,right
20260513_kotaro_jin_1,kotaro,91.826253,shoryuken,left
20260513_kotaro_jin_1,kotaro,91.826253,hadouken,right
20260513_kotaro_jin_1,kotaro,93.142109,shoryuken,left
20260513_kotaro_jin_1,kotaro,93.142109,hadouken,right
20260513_kotaro_jin_1,kotaro,94.15011,shoryuken,left
20260513_kotaro_jin_1,kotaro,94.476096,hadouken,right
20260513_kotaro_jin_1,kotaro,95.920113,shoryuken,right
20260513_kotaro_jin_1,kotaro,95.920113,hadouken,right
20260513_kotaro_jin_1,kotaro,96.992087,shoryuken,right
20260513_kotaro_jin_1,kotaro,96.992087,hadouken,left
20260513_kotaro_jin_1,jin,99.002159,shoryuken,right
20260513_kotaro_jin_1,jin,99.002159,hadouken,right
20260513_kotaro_jin_1,kotaro,102.212117,shoryuken,left
20260513_kotaro_jin_1,kotaro,102.212117,hadouken,left
20260513_kotaro_jin_1,jin,104.440189,shoryuken,right
20260513_kotaro_jin_1,jin,104.440189,hadouken,right
20260513_kotaro_jin_2,jin,11.623776,shoryuken,right
20260513_kotaro_jin_2,jin,11.623776,hadouken,left
20260513_kotaro_jin_2,jin,12.725621,shoryuken,right
20260513_kotaro_jin_2,jin,12.725621,hadouken,left
20260513_kotaro_jin_2,jin,21.481594,shoryuken,right
20260513_kotaro_jin_2,jin,21.481594,hadouken,left
20260513_kotaro_jin_2,kotaro,22.9036,shoryuken,right
20260513_kotaro_jin_2,kotaro,22.9036,hadouken,right
20260513_kotaro_jin_2,kotaro,29.705576,shoryuken,right
20260513_kotaro_jin_2,kotaro,29.705576,hadouken,right
20260513_kotaro_jin_2,kotaro,34.499617,shoryuken,right
20260513_kotaro_jin_2,kotaro,34.499617,hadouken,left
20260513_kotaro_jin_2,jin,43.427676,hadouken,left
20260513_kotaro_jin_2,kotaro,48.731614,shoryuken,left
20260513_kotaro_jin_2,kotaro,48.731614,hadouken,left
20260513_kotaro_jin_2,jin,50.033599,shoryuken,right
20260513_kotaro_jin_2,jin,50.033599,hadouken,left
20260513_kotaro_jin_2,kotaro,51.197694,shoryuken,right
20260513_kotaro_jin_2,kotaro,54.64563,shoryuken,right
20260513_kotaro_jin_2,kotaro,56.447569,shoryuken,right
20260513_kotaro_jin_2,kotaro,56.997601,hadouken,right
20260513_kotaro_jin_2,kotaro,58.071618,shoryuken,right
20260513_kotaro_jin_2,kotaro,58.071618,hadouken,right
20260513_kotaro_ryo_1,kotaro,18.637066,hadouken,right
20260513_kotaro_ryo_1,kotaro,19.339065,shoryuken,right
20260513_kotaro_ryo_1,ryo,20.289095,shoryuken,right
20260513_kotaro_ryo_1,ryo,20.289095,hadouken,right
20260513_kotaro_ryo_1,ryo,21.537093,shoryuken,right
20260513_kotaro_ryo_1,ryo,22.145264,hadouken,left
20260513_kotaro_ryo_1,ryo,22.609074,shoryuken,right
20260513_kotaro_ryo_1,kotaro,24.139061,shoryuken,right
20260513_kotaro_ryo_1,ryo,24.257156,shoryuken,left
20260513_kotaro_ryo_1,ryo,24.257156,hadouken,left
20260513_kotaro_ryo_1,ryo,25.56906,shoryuken,left
20260513_kotaro_ryo_1,ryo,25.56906,hadouken,left
20260513_kotaro_ryo_1,ryo,26.941074,shoryuken,right
20260513_kotaro_ryo_1,ryo,27.233337,hadouken,left
20260513_kotaro_ryo_1,kotaro,27.569057,shoryuken,right
20260513_kotaro_ryo_1,kotaro,27.569057,hadouken,right
20260513_kotaro_ryo_1,ryo,27.957097,shoryuken,right
20260513_kotaro_ryo_1,ryo,28.281209,hadouken,left
20260513_kotaro_ryo_1,kotaro,28.569082,shoryuken,right
20260513_kotaro_ryo_1,kotaro,28.569082,hadouken,right
20260513_kotaro_ryo_1,ryo,29.095205,shoryuken,left
20260513_kotaro_ryo_1,kotaro,30.581112,shoryuken,right
20260513_kotaro_ryo_1,kotaro,30.747049,hadouken,right
20260513_kotaro_ryo_1,ryo,31.087074,shoryuken,left
20260513_kotaro_ryo_1,kotaro,31.701103,shoryuken,right
20260513_kotaro_ryo_1,kotaro,31.907093,hadouken,right
20260513_kotaro_ryo_1,ryo,32.177078,shoryuken,left
20260513_kotaro_ryo_1,ryo,32.451153,hadouken,left
20260513_kotaro_ryo_1,kotaro,32.877072,shoryuken,right
20260513_kotaro_ryo_1,kotaro,33.147081,hadouken,right
20260513_kotaro_ryo_1,kotaro,33.975546,shoryuken,right
20260513_kotaro_ryo_1,kotaro,34.177074,hadouken,right
20260513_kotaro_ryo_1,ryo,34.623141,shoryuken,left
20260513_kotaro_ryo_1,ryo,34.623141,hadouken,left
20260513_kotaro_ryo_1,kotaro,35.319074,shoryuken,right
20260513_kotaro_ryo_1,kotaro,35.319074,hadouken,right
20260513_kotaro_ryo_1,ryo,37.771171,shoryuken,left
20260513_kotaro_ryo_1,ryo,38.915134,shoryuken,left
20260513_kotaro_ryo_1,ryo,38.915134,hadouken,left
20260513_kotaro_ryo_1,ryo,42.121139,hadouken,left
20260513_kotaro_ryo_1,kotaro,42.161067,shoryuken,left
20260513_kotaro_ryo_1,kotaro,42.745128,hadouken,right
20260513_kotaro_ryo_1,kotaro,43.331257,shoryuken,right
20260513_kotaro_ryo_1,kotaro,43.845375,hadouken,right
20260513_kotaro_ryo_1,ryo,43.885081,shoryuken,right
20260513_kotaro_ryo_1,ryo,45.323147,hadouken,right
20260513_kotaro_ryo_1,ryo,45.763126,shoryuken,right
20260513_kotaro_ryo_1,kotaro,45.991153,shoryuken,right
20260513_kotaro_ryo_1,ryo,46.497172,hadouken,right
20260513_kotaro_ryo_1,kotaro,55.885068,shoryuken,left
20260513_kotaro_ryo_1,kotaro,57.079105,shoryuken,left
20260513_kotaro_ryo_1,kotaro,57.079105,hadouken,right
20260513_kotaro_ryo_1,kotaro,59.067061,shoryuken,right
20260513_kotaro_ryo_1,kotaro,59.067061,hadouken,right
20260513_kotaro_ryo_1,kotaro,60.443065,shoryuken,right
20260513_kotaro_ryo_1,kotaro,60.443065,hadouken,right
20260513_kotaro_ryo_1,ryo,60.853146,shoryuken,right
20260513_kotaro_ryo_1,kotaro,61.603101,shoryuken,right
20260513_kotaro_ryo_1,kotaro,61.603101,hadouken,right
20260513_kotaro_ryo_1,kotaro,63.105059,shoryuken,right
20260513_kotaro_ryo_1,kotaro,63.105059,hadouken,right
20260513_kotaro_ryo_1,kotaro,64.595104,hadouken,right
20260513_kotaro_ryo_1,kotaro,65.179134,shoryuken,right
20260513_kotaro_ryo_1,kotaro,66.599094,hadouken,left
20260513_kotaro_ryo_1,ryo,67.31725,shoryuken,right
20260513_kotaro_ryo_1,kotaro,67.433114,shoryuken,right
20260513_kotaro_ryo_1,kotaro,67.865172,hadouken,left
20260513_kotaro_ryo_1,ryo,68.057152,hadouken,right
20260513_kotaro_ryo_1,ryo,68.451148,shoryuken,right
20260513_kotaro_ryo_1,ryo,69.469071,shoryuken,right
20260513_kotaro_ryo_1,ryo,69.469071,hadouken,right
20260513_kotaro_ryo_1,kotaro,70.419105,hadouken,left
20260513_kotaro_ryo_1,ryo,70.531394,shoryuken,right
20260513_kotaro_ryo_1,ryo,70.531394,hadouken,right
20260513_kotaro_ryo_1,kotaro,71.713118,shoryuken,left
20260513_kotaro_ryo_1,kotaro,71.713118,hadouken,left
20260513_kotaro_ryo_1,kotaro,72.803076,shoryuken,left
20260513_kotaro_ryo_1,kotaro,72.803076,hadouken,left
20260513_kotaro_ryo_1,ryo,73.669123,shoryuken,left
20260513_kotaro_ryo_1,ryo,73.669123,hadouken,right
20260513_kotaro_ryo_1,kotaro,74.893073,shoryuken,right
20260513_kotaro_ryo_1,kotaro,74.893073,hadouken,left
20260513_kotaro_ryo_1,kotaro,75.947105,shoryuken,left
20260513_kotaro_ryo_1,kotaro,75.947105,hadouken,left
20260513_kotaro_ryo_1,kotaro,77.171126,shoryuken,left
20260513_kotaro_ryo_1,kotaro,77.171126,hadouken,left
20260513_kotaro_ryo_1,kotaro,78.445077,shoryuken,left
20260513_kotaro_ryo_1,kotaro,78.445077,hadouken,left
20260513_kotaro_ryo_1,ryo,79.389128,shoryuken,right
20260513_kotaro_ryo_1,kotaro,79.98307,shoryuken,left
20260513_kotaro_ryo_1,kotaro,79.98307,hadouken,left
20260513_kotaro_ryo_1,ryo,80.659098,shoryuken,right
20260513_kotaro_ryo_1,ryo,80.659098,hadouken,right
20260513_kotaro_ryo_1,kotaro,81.203094,shoryuken,right
20260513_kotaro_ryo_1,ryo,81.697195,shoryuken,right
20260513_kotaro_ryo_1,ryo,81.697195,hadouken,left
20260513_kotaro_ryo_1,ryo,82.789134,shoryuken,right
20260513_kotaro_ryo_1,ryo,82.789134,hadouken,right
20260513_kotaro_ryo_1,ryo,84.043077,shoryuken,right
20260513_kotaro_ryo_1,ryo,84.043077,hadouken,left
20260513_kotaro_ryo_1,kotaro,89.31714,hadouken,right
20260513_kotaro_ryo_2,kotaro,23.751015,shoryuken,right
20260513_kotaro_ryo_2,kotaro,23.751015,hadouken,right
20260513_kotaro_ryo_2,kotaro,26.372814,shoryuken,left
20260513_kotaro_ryo_2,kotaro,28.25682,shoryuken,left
20260513_kotaro_ryo_2,kotaro,28.25682,hadouken,right
20260513_kotaro_ryo_2,ryo,30.390881,shoryuken,right
20260513_kotaro_ryo_2,ryo,32.430907,shoryuken,right
20260513_kotaro_ryo_2,kotaro,32.498808,shoryuken,right
20260513_kotaro_ryo_2,kotaro,32.498808,hadouken,right
20260513_kotaro_ryo_2,kotaro,35.416802,shoryuken,right
20260513_kotaro_ryo_2,kotaro,35.416802,hadouken,right
20260513_kotaro_ryo_2,ryo,40.962905,shoryuken,right
20260513_kotaro_ryo_2,ryo,43.392912,shoryuken,left
20260513_kotaro_ryo_2,ryo,50.366937,shoryuken,right
20260513_kotaro_ryo_2,ryo,52.454875,shoryuken,right
20260513_kotaro_ryo_2,ryo,53.638797,shoryuken,right
20260513_kotaro_ryo_2,kotaro,83.7608,shoryuken,right
20260513_kotaro_ryo_2,kotaro,83.7608,hadouken,right
20260513_kotaro_ryo_2,kotaro,85.096816,shoryuken,right
20260513_kotaro_ryo_2,kotaro,85.096816,hadouken,right
20260513_kotaro_ryo_2,kotaro,86.540815,hadouken,right
20260513_kotaro_ryo_2,kotaro,87.28685300000001,shoryuken,right
20260513_kotaro_ryo_2,kotaro,88.620831,shoryuken,right
20260513_kotaro_ryo_2,kotaro,88.620831,hadouken,right
20260513_kotaro_ryo_2,kotaro,89.730841,shoryuken,right
20260513_kotaro_ryo_2,kotaro,89.730841,hadouken,right
20260513_kotaro_ryo_2,kotaro,90.862864,shoryuken,right
20260513_kotaro_ryo_2,kotaro,90.862864,hadouken,right
20260513_kotaro_ryo_2,kotaro,93.054808,shoryuken,right
20260513_kotaro_ryo_2,kotaro,93.054808,hadouken,right
20260513_kotaro_ryo_2,kotaro,94.564828,shoryuken,right
20260513_kotaro_ryo_2,kotaro,94.564828,hadouken,right
20260513_kotaro_ryo_2,kotaro,97.788828,hadouken,right
20260513_kotaro_ryo_2,ryo,104.178917,shoryuken,left
20260513_kotaro_ryo_2,ryo,104.784884,hadouken,right
20260513_kotaro_ryo_2,ryo,105.208902,shoryuken,right
20260513_kotaro_ryo_2,kotaro,106.378839,shoryuken,right
20260513_kotaro_ryo_2,ryo,107.222848,shoryuken,right
20260513_kotaro_ryo_2,ryo,107.222848,hadouken,right
20260513_kotaro_ryo_2,kotaro,108.182831,hadouken,left
20260513_kotaro_ryo_2,ryo,108.732819,shoryuken,right
20260513_kotaro_ryo_2,kotaro,109.5349,shoryuken,right
20260513_kotaro_ryo_2,kotaro,111.088826,hadouken,left
20260513_kotaro_ryo_2,kotaro,112.20484,shoryuken,left
20260513_kotaro_ryo_2,kotaro,112.20484,hadouken,left
20260513_kotaro_ryo_2,kotaro,114.05097,shoryuken,left
20260513_kotaro_ryo_2,kotaro,114.05097,hadouken,left
20260513_kotaro_ryo_2,kotaro,115.056833,shoryuken,left
20260513_kotaro_ryo_2,kotaro,115.056833,hadouken,left
20260513_kotaro_ryo_2,ryo,118.15492,shoryuken,right
20260513_kotaro_ryo_2,ryo,118.15492,hadouken,right
20260513_kotaro_ryo_2,ryo,121.226905,hadouken,left
20260513_nakamura_yamaguti_1,yamaguti,23.15993,hadouken,left
20260513_nakamura_yamaguti_1,yamaguti,24.145902,shoryuken,left
20260513_nakamura_yamaguti_1,nakamura,24.371844,shoryuken,right
20260513_nakamura_yamaguti_1,nakamura,24.371844,hadouken,right
20260513_nakamura_yamaguti_1,yamaguti,24.843891,hadouken,left
20260513_nakamura_yamaguti_1,yamaguti,25.667876,shoryuken,left
20260513_nakamura_yamaguti_1,nakamura,26.263856,shoryuken,right
20260513_nakamura_yamaguti_1,nakamura,26.263856,hadouken,right
20260513_nakamura_yamaguti_1,yamaguti,26.481965,hadouken,left
20260513_nakamura_yamaguti_1,yamaguti,27.317831,shoryuken,left
20260513_nakamura_yamaguti_1,nakamura,27.901823,shoryuken,right
20260513_nakamura_yamaguti_1,nakamura,27.901823,hadouken,right
20260513_nakamura_yamaguti_1,yamaguti,28.17586,hadouken,left
20260513_nakamura_yamaguti_1,yamaguti,28.365863,shoryuken,left
20260513_nakamura_yamaguti_1,yamaguti,30.135849,shoryuken,left
20260513_nakamura_yamaguti_1,yamaguti,30.135849,hadouken,left
20260513_nakamura_yamaguti_1,yamaguti,31.463932,shoryuken,left
20260513_nakamura_yamaguti_1,yamaguti,31.463932,hadouken,left
20260513_nakamura_yamaguti_1,nakamura,31.51784,shoryuken,right
20260513_nakamura_yamaguti_1,nakamura,31.51784,hadouken,left
20260513_nakamura_yamaguti_1,yamaguti,32.545919,shoryuken,left
20260513_nakamura_yamaguti_1,yamaguti,32.545919,hadouken,left
20260513_nakamura_yamaguti_1,yamaguti,33.899857,shoryuken,left
20260513_nakamura_yamaguti_1,yamaguti,33.899857,hadouken,left
20260513_nakamura_yamaguti_1,yamaguti,35.141964,hadouken,left
20260513_nakamura_yamaguti_1,nakamura,35.323818,shoryuken,right
20260513_nakamura_yamaguti_1,nakamura,35.323818,hadouken,right
20260513_nakamura_yamaguti_1,yamaguti,35.871837,shoryuken,left
20260513_nakamura_yamaguti_1,nakamura,36.837824,hadouken,right
20260513_nakamura_yamaguti_1,nakamura,37.609948,shoryuken,left
20260513_nakamura_yamaguti_1,yamaguti,37.973898,shoryuken,left
20260513_nakamura_yamaguti_1,nakamura,38.593911,hadouken,right
20260513_nakamura_yamaguti_1,yamaguti,38.617913,hadouken,left
20260513_nakamura_yamaguti_1,nakamura,38.76384,shoryuken,right
20260513_nakamura_yamaguti_1,yamaguti,39.125877,shoryuken,left
20260513_nakamura_yamaguti_1,yamaguti,39.649843,hadouken,left
20260513_nakamura_yamaguti_1,nakamura,39.87589,shoryuken,right
20260513_nakamura_yamaguti_1,nakamura,40.179827,hadouken,right
20260513_nakamura_yamaguti_1,yamaguti,40.569877,shoryuken,left
20260513_nakamura_yamaguti_1,yamaguti,41.029905,hadouken,left
20260513_nakamura_yamaguti_1,yamaguti,41.62791,shoryuken,left
20260513_nakamura_yamaguti_1,nakamura,41.66586,shoryuken,left
20260513_nakamura_yamaguti_1,yamaguti,42.609862,hadouken,left
20260513_nakamura_yamaguti_1,nakamura,42.673826,shoryuken,left
20260513_nakamura_yamaguti_1,yamaguti,43.528072,shoryuken,left
20260513_nakamura_yamaguti_1,nakamura,43.811849,shoryuken,left
20260513_nakamura_yamaguti_1,nakamura,43.811849,hadouken,left
20260513_nakamura_yamaguti_1,yamaguti,44.263956,hadouken,right
20260513_nakamura_yamaguti_1,yamaguti,44.939893,shoryuken,left
20260513_nakamura_yamaguti_1,nakamura,45.299906,shoryuken,right
20260513_nakamura_yamaguti_1,nakamura,45.299906,hadouken,right
20260513_nakamura_yamaguti_1,yamaguti,46.71986,shoryuken,left
20260513_nakamura_yamaguti_1,yamaguti,46.71986,hadouken,left
20260513_nakamura_yamaguti_1,yamaguti,48.015841,shoryuken,left
20260513_nakamura_yamaguti_1,yamaguti,48.015841,hadouken,left
20260513_nakamura_yamaguti_1,nakamura,48.313854,hadouken,left
20260513_nakamura_yamaguti_1,nakamura,48.455864,shoryuken,left
20260513_nakamura_yamaguti_1,nakamura,49.439915,hadouken,right
20260513_nakamura_yamaguti_1,nakamura,49.599849,shoryuken,left
20260513_nakamura_yamaguti_1,yamaguti,49.787862,shoryuken,left
20260513_nakamura_yamaguti_1,yamaguti,49.787862,hadouken,right
20260513_nakamura_yamaguti_1,yamaguti,50.791928,shoryuken,left
20260513_nakamura_yamaguti_1,yamaguti,59.793845,hadouken,left
20260513_nakamura_yamaguti_1,yamaguti,60.473902,shoryuken,left
20260513_nakamura_yamaguti_1,yamaguti,61.639902,hadouken,left
20260513_nakamura_yamaguti_1,yamaguti,62.982008,shoryuken,left
20260513_nakamura_yamaguti_1,yamaguti,62.982008,hadouken,left
20260513_nakamura_yamaguti_1,yamaguti,64.576041,shoryuken,left
20260513_nakamura_yamaguti_1,yamaguti,64.576041,hadouken,left
20260513_nakamura_yamaguti_1,nakamura,65.551824,shoryuken,right
20260513_nakamura_yamaguti_1,yamaguti,65.649927,shoryuken,left
20260513_nakamura_yamaguti_1,yamaguti,65.649927,hadouken,left
20260513_nakamura_yamaguti_1,nakamura,65.853835,hadouken,right
20260513_nakamura_yamaguti_1,nakamura,67.285826,shoryuken,left
20260513_nakamura_yamaguti_1,nakamura,67.285826,hadouken,left
20260513_nakamura_yamaguti_1,yamaguti,67.367919,shoryuken,left
20260513_nakamura_yamaguti_1,yamaguti,67.367919,hadouken,left
20260513_nakamura_yamaguti_1,yamaguti,69.689917,shoryuken,left
20260513_nakamura_yamaguti_1,yamaguti,69.689917,hadouken,left
20260513_nakamura_yamaguti_1,nakamura,69.695834,shoryuken,right
20260513_nakamura_yamaguti_1,nakamura,70.433846,hadouken,right
20260513_nakamura_yamaguti_1,yamaguti,71.319891,shoryuken,left
20260513_nakamura_yamaguti_1,yamaguti,72.657926,shoryuken,left
20260513_nakamura_yamaguti_1,yamaguti,72.657926,hadouken,left
20260513_nakamura_yamaguti_1,nakamura,73.437865,hadouken,right
20260513_nakamura_yamaguti_1,nakamura,73.593874,shoryuken,right
20260513_nakamura_yamaguti_1,yamaguti,73.989919,shoryuken,left
20260513_nakamura_yamaguti_1,yamaguti,73.989919,hadouken,left
20260513_nakamura_yamaguti_1,nakamura,74.585847,hadouken,right
20260513_nakamura_yamaguti_1,nakamura,74.725945,shoryuken,right
20260513_nakamura_yamaguti_1,yamaguti,75.631927,hadouken,left
20260513_nakamura_yamaguti_1,yamaguti,76.243859,shoryuken,right
20260513_nakamura_yamaguti_1,yamaguti,76.879914,hadouken,left
20260513_nakamura_yamaguti_1,yamaguti,77.751906,shoryuken,right
20260513_nakamura_yamaguti_1,yamaguti,78.34451200000001,hadouken,left
20260513_nakamura_yamaguti_1,nakamura,78.51384,shoryuken,left
20260513_nakamura_yamaguti_1,nakamura,78.51384,hadouken,left
20260513_nakamura_yamaguti_1,yamaguti,78.923952,shoryuken,right
20260513_nakamura_yamaguti_1,nakamura,79.615879,shoryuken,right
20260513_nakamura_yamaguti_1,nakamura,79.615879,hadouken,right
20260513_nakamura_yamaguti_1,yamaguti,79.92191199999999,hadouken,left
20260513_nakamura_yamaguti_1,yamaguti,80.245924,shoryuken,left
20260513_nakamura_yamaguti_1,nakamura,80.689841,shoryuken,right
20260513_nakamura_yamaguti_1,nakamura,80.689841,hadouken,right
20260513_nakamura_yamaguti_1,nakamura,82.310196,shoryuken,right
20260513_nakamura_yamaguti_1,nakamura,82.310196,hadouken,right
20260513_nakamura_yamaguti_1,nakamura,83.321859,shoryuken,right
20260513_nakamura_yamaguti_1,nakamura,83.321859,hadouken,right
20260513_nakamura_yamaguti_1,yamaguti,83.355845,shoryuken,right
20260513_nakamura_yamaguti_1,yamaguti,83.355845,hadouken,left
20260513_nakamura_yamaguti_1,yamaguti,84.849842,shoryuken,left
20260513_nakamura_yamaguti_1,yamaguti,84.849842,hadouken,left
20260513_nakamura_yamaguti_1,yamaguti,85.871887,shoryuken,left
20260513_nakamura_yamaguti_1,yamaguti,85.871887,hadouken,left
20260513_nakamura_yamaguti_1,nakamura,86.881837,hadouken,left
20260513_nakamura_yamaguti_1,yamaguti,87.067933,shoryuken,right
20260513_nakamura_yamaguti_1,yamaguti,87.067933,hadouken,right
20260513_nakamura_yamaguti_1,yamaguti,88.185892,shoryuken,right
20260513_nakamura_yamaguti_1,yamaguti,88.185892,hadouken,right
20260513_nakamura_yamaguti_1,yamaguti,89.641881,hadouken,right
20260513_nakamura_yamaguti_1,nakamura,90.083863,shoryuken,right
20260513_nakamura_yamaguti_1,nakamura,90.083863,hadouken,left
20260513_nakamura_yamaguti_1,yamaguti,90.30591,shoryuken,right
20260513_nakamura_yamaguti_1,yamaguti,90.763901,hadouken,right
20260513_nakamura_yamaguti_1,nakamura,91.137838,shoryuken,left
20260513_nakamura_yamaguti_1,nakamura,91.137838,hadouken,left
20260513_nakamura_yamaguti_1,yamaguti,92.46393,shoryuken,right
20260513_nakamura_yamaguti_1,nakamura,93.147846,shoryuken,left
20260513_nakamura_yamaguti_1,nakamura,93.289852,hadouken,left
20260513_nakamura_yamaguti_1,yamaguti,93.927929,hadouken,right
20260513_nakamura_yamaguti_1,yamaguti,94.911852,shoryuken,right
20260513_nakamura_yamaguti_1,yamaguti,95.897849,hadouken,right
20260513_nakamura_yamaguti_1,yamaguti,96.877965,shoryuken,right
20260513_nakamura_yamaguti_1,yamaguti,97.877868,hadouken,right
20260513_nakamura_yamaguti_1,nakamura,97.979824,shoryuken,left
20260513_nakamura_yamaguti_1,nakamura,99.013884,shoryuken,left
20260513_nakamura_yamaguti_1,yamaguti,99.057909,hadouken,right
20260513_nakamura_yamaguti_1,yamaguti,107.373851,hadouken,left
20260513_nakamura_yamaguti_1,yamaguti,108.109892,shoryuken,left
20260513_nakamura_yamaguti_1,yamaguti,109.199958,hadouken,left
20260513_nakamura_yamaguti_1,nakamura,109.65786,shoryuken,left
20260513_nakamura_yamaguti_1,nakamura,109.65786,hadouken,left
20260513_nakamura_yamaguti_1,yamaguti,110.410044,shoryuken,left
20260513_nakamura_yamaguti_1,yamaguti,111.511901,shoryuken,left
20260513_nakamura_yamaguti_1,nakamura,111.793919,shoryuken,right
20260513_nakamura_yamaguti_1,nakamura,111.793919,hadouken,right
20260513_nakamura_yamaguti_1,yamaguti,113.953921,shoryuken,left
20260513_nakamura_yamaguti_1,yamaguti,115.315983,hadouken,left
20260513_nakamura_yamaguti_1,yamaguti,117.877922,shoryuken,right
20260513_nakamura_yamaguti_1,yamaguti,117.877922,hadouken,left
20260513_nakamura_yamaguti_1,nakamura,119.939848,shoryuken,right
20260513_nakamura_yamaguti_1,yamaguti,119.949944,shoryuken,right
20260513_nakamura_yamaguti_1,yamaguti,120.69134,hadouken,left
20260513_nakamura_yamaguti_1,yamaguti,120.985899,shoryuken,left
20260513_nakamura_yamaguti_1,yamaguti,122.619928,shoryuken,left
20260513_nakamura_yamaguti_1,yamaguti,123.495871,hadouken,left
20260513_nakamura_yamaguti_1,yamaguti,123.671915,shoryuken,left
20260513_nakamura_yamaguti_1,nakamura,123.873846,shoryuken,right
20260513_nakamura_yamaguti_1,nakamura,124.025864,hadouken,right
20260513_nakamura_yamaguti_2,yamaguti,24.070011,hadouken,left
20260513_nakamura_yamaguti_2,yamaguti,25.241934,hadouken,left
20260513_nakamura_yamaguti_2,yamaguti,25.581971,shoryuken,left
20260513_nakamura_yamaguti_2,nakamura,25.716003,shoryuken,left
20260513_nakamura_yamaguti_2,nakamura,25.716003,hadouken,left
20260513_nakamura_yamaguti_2,yamaguti,26.617964,shoryuken,left
20260513_nakamura_yamaguti_2,yamaguti,26.617964,hadouken,left
20260513_nakamura_yamaguti_2,nakamura,26.820033,shoryuken,right
20260513_nakamura_yamaguti_2,yamaguti,28.497903,shoryuken,left
20260513_nakamura_yamaguti_2,yamaguti,28.497903,hadouken,left
20260513_nakamura_yamaguti_2,yamaguti,29.529991,shoryuken,left
20260513_nakamura_yamaguti_2,yamaguti,29.907979,hadouken,left
20260513_nakamura_yamaguti_2,nakamura,30.299926,shoryuken,left
20260513_nakamura_yamaguti_2,nakamura,30.299926,hadouken,right
20260513_nakamura_yamaguti_2,yamaguti,30.618051,shoryuken,left
20260513_nakamura_yamaguti_2,nakamura,31.387912,shoryuken,right
20260513_nakamura_yamaguti_2,nakamura,31.387912,hadouken,right
20260513_nakamura_yamaguti_2,yamaguti,32.208314,shoryuken,left
20260513_nakamura_yamaguti_2,yamaguti,32.53001,hadouken,right
20260513_nakamura_yamaguti_2,nakamura,32.769912,hadouken,left
20260513_nakamura_yamaguti_2,yamaguti,33.383929,shoryuken,right
20260513_nakamura_yamaguti_2,yamaguti,33.565903,hadouken,right
20260513_nakamura_yamaguti_2,yamaguti,34.78003,shoryuken,right
20260513_nakamura_yamaguti_2,yamaguti,34.78003,hadouken,left
20260513_nakamura_yamaguti_2,yamaguti,36.260067,shoryuken,right
20260513_nakamura_yamaguti_2,nakamura,36.329917,shoryuken,left
20260513_nakamura_yamaguti_2,nakamura,36.329917,hadouken,left
20260513_nakamura_yamaguti_2,yamaguti,36.923988,hadouken,right
20260513_nakamura_yamaguti_2,yamaguti,38.061985,shoryuken,right
20260513_nakamura_yamaguti_2,yamaguti,38.061985,hadouken,right
20260513_nakamura_yamaguti_2,nakamura,38.113938,shoryuken,right
20260513_nakamura_yamaguti_2,nakamura,38.865914,hadouken,left
20260513_nakamura_yamaguti_2,nakamura,39.157951,shoryuken,left
20260513_nakamura_yamaguti_2,yamaguti,39.897993,shoryuken,right
20260513_nakamura_yamaguti_2,yamaguti,41.140052,hadouken,right
20260513_nakamura_yamaguti_2,yamaguti,41.796049,shoryuken,right
20260513_nakamura_yamaguti_2,yamaguti,43.052048,hadouken,right
20260513_nakamura_yamaguti_2,nakamura,43.145964,shoryuken,right
20260513_nakamura_yamaguti_2,nakamura,43.145964,hadouken,right
20260513_nakamura_yamaguti_2,yamaguti,43.724032,shoryuken,right
20260513_nakamura_yamaguti_2,yamaguti,44.933983,hadouken,right
20260513_nakamura_yamaguti_2,nakamura,45.161926,shoryuken,left
20260513_nakamura_yamaguti_2,nakamura,45.887927,hadouken,left
20260513_nakamura_yamaguti_2,nakamura,46.195916,shoryuken,left
20260513_nakamura_yamaguti_2,yamaguti,47.22796,shoryuken,right
20260513_nakamura_yamaguti_2,yamaguti,48.046,hadouken,right
20260513_nakamura_yamaguti_2,nakamura,48.22792,shoryuken,right
20260513_nakamura_yamaguti_2,nakamura,48.22792,hadouken,left
20260513_nakamura_yamaguti_2,yamaguti,49.365989,hadouken,right
20260513_nakamura_yamaguti_2,nakamura,49.94791,hadouken,right
20260513_nakamura_yamaguti_2,yamaguti,49.980009,shoryuken,right
20260513_nakamura_yamaguti_2,nakamura,50.103936,shoryuken,left
20260513_nakamura_yamaguti_2,yamaguti,50.513991,hadouken,right
20260513_nakamura_yamaguti_2,yamaguti,51.033995,shoryuken,right
20260513_nakamura_yamaguti_2,yamaguti,51.663945,hadouken,right
20260513_nakamura_yamaguti_2,nakamura,51.817909,shoryuken,right
20260513_nakamura_yamaguti_2,nakamura,51.817909,hadouken,left
20260513_nakamura_yamaguti_2,yamaguti,52.037924,shoryuken,right
20260513_nakamura_yamaguti_2,nakamura,52.851991,shoryuken,right
20260513_nakamura_yamaguti_2,nakamura,52.851991,hadouken,left
20260513_nakamura_yamaguti_2,yamaguti,53.194089,hadouken,left
20260513_nakamura_yamaguti_2,yamaguti,53.45394,shoryuken,left
20260513_nakamura_yamaguti_2,nakamura,54.009952,shoryuken,right
20260513_nakamura_yamaguti_2,nakamura,54.009952,hadouken,right
20260513_nakamura_yamaguti_2,yamaguti,62.520001,hadouken,left
20260513_nakamura_yamaguti_2,yamaguti,63.113928,shoryuken,left
20260513_nakamura_yamaguti_2,yamaguti,64.189978,hadouken,left
20260513_nakamura_yamaguti_2,nakamura,64.501982,shoryuken,left
20260513_nakamura_yamaguti_2,nakamura,64.501982,hadouken,right
20260513_nakamura_yamaguti_2,yamaguti,64.552076,shoryuken,left
20260513_nakamura_yamaguti_2,yamaguti,65.416013,hadouken,right
20260513_nakamura_yamaguti_2,yamaguti,65.579926,shoryuken,right
20260513_nakamura_yamaguti_2,nakamura,65.653941,shoryuken,right
20260513_nakamura_yamaguti_2,nakamura,65.653941,hadouken,left
20260513_nakamura_yamaguti_2,nakamura,68.183981,shoryuken,left
20260513_nakamura_yamaguti_2,nakamura,69.11594099999999,hadouken,left
20260513_nakamura_yamaguti_2,nakamura,69.281899,shoryuken,left
20260513_nakamura_yamaguti_2,yamaguti,69.419935,shoryuken,right
20260513_nakamura_yamaguti_2,yamaguti,69.853925,hadouken,right
20260513_nakamura_yamaguti_2,yamaguti,70.529999,shoryuken,right
20260513_nakamura_yamaguti_2,yamaguti,70.864004,hadouken,right
20260513_nakamura_yamaguti_2,yamaguti,71.867937,shoryuken,right
20260513_nakamura_yamaguti_2,yamaguti,71.867937,hadouken,right
20260513_nakamura_yamaguti_2,nakamura,72.215934,hadouken,left
20260513_nakamura_yamaguti_2,nakamura,73.011932,shoryuken,left
20260513_nakamura_yamaguti_2,yamaguti,73.147987,hadouken,right
20260513_nakamura_yamaguti_2,nakamura,73.349938,hadouken,left
20260513_nakamura_yamaguti_2,yamaguti,73.920034,shoryuken,right
20260513_nakamura_yamaguti_2,nakamura,74.12995599999999,shoryuken,left
20260513_nakamura_yamaguti_2,yamaguti,74.223916,hadouken,right
20260513_nakamura_yamaguti_2,nakamura,74.445921,hadouken,left
20260513_nakamura_yamaguti_2,yamaguti,75.326035,shoryuken,right
20260513_nakamura_yamaguti_2,yamaguti,75.855988,hadouken,right
20260513_nakamura_yamaguti_2,nakamura,76.655933,shoryuken,right
20260513_nakamura_yamaguti_2,nakamura,76.655933,hadouken,left
20260513_nakamura_yamaguti_2,yamaguti,77.237949,shoryuken,right
20260513_nakamura_yamaguti_2,yamaguti,78.291954,shoryuken,right
20260513_nakamura_yamaguti_2,yamaguti,79.378005,shoryuken,right
20260513_nakamura_yamaguti_2,nakamura,79.41796099999999,shoryuken,left
20260513_nakamura_yamaguti_2,yamaguti,81.549941,shoryuken,left
20260513_nakamura_yamaguti_2,nakamura,81.746439,shoryuken,right
20260513_nakamura_yamaguti_2,nakamura,81.892,hadouken,right
20260513_nakamura_yamaguti_2,yamaguti,82.297933,hadouken,left
